-0.958886,-0.129066,-0.252746,-0.087758
-0.074324,0.973724,-0.215260,-0.084629
0.273888,-0.187625,-0.943283,0.573293
0.000000,0.000000,0.000000,1.000000

-0.958886,-0.129066,-0.252746,-0.087757
-0.074324,0.973724,-0.215260,-0.084628
0.273888,-0.187625,-0.943283,0.573285
0.000000,0.000000,0.000000,1.000000

-0.958886,-0.129066,-0.252746,-0.087755
-0.074324,0.973724,-0.215260,-0.084626
0.273888,-0.187625,-0.943283,0.573259
0.000000,0.000000,0.000000,1.000000

-0.958886,-0.129066,-0.252746,-0.087752
-0.074324,0.973724,-0.215260,-0.084623
0.273888,-0.187625,-0.943283,0.573218
0.000000,0.000000,0.000000,1.000000

-0.958886,-0.129066,-0.252746,-0.087747
-0.074324,0.973724,-0.215260,-0.084618
0.273888,-0.187625,-0.943283,0.573159
0.000000,0.000000,0.000000,1.000000

-0.958886,-0.129066,-0.252746,-0.087741
-0.074324,0.973724,-0.215260,-0.084612
0.273888,-0.187625,-0.943283,0.573084
0.000000,0.000000,0.000000,1.000000

-0.958886,-0.129066,-0.252746,-0.087733
-0.074324,0.973724,-0.215260,-0.084605
0.273888,-0.187625,-0.943283,0.572993
0.000000,0.000000,0.000000,1.000000

-0.958886,-0.129066,-0.252746,-0.087724
-0.074324,0.973724,-0.215260,-0.084596
0.273888,-0.187625,-0.943283,0.572886
0.000000,0.000000,0.000000,1.000000

-0.958886,-0.129066,-0.252746,-0.087714
-0.074324,0.973724,-0.215260,-0.084586
0.273888,-0.187625,-0.943283,0.572763
0.000000,0.000000,0.000000,1.000000

-0.958886,-0.129066,-0.252746,-0.087702
-0.074324,0.973724,-0.215260,-0.084575
0.273888,-0.187625,-0.943283,0.572624
0.000000,0.000000,0.000000,1.000000

-0.958886,-0.129066,-0.252746,-0.087688
-0.074324,0.973724,-0.215260,-0.084562
0.273888,-0.187625,-0.943283,0.572469
0.000000,0.000000,0.000000,1.000000

-0.958886,-0.129066,-0.252746,-0.087673
-0.074324,0.973724,-0.215260,-0.084548
0.273888,-0.187625,-0.943283,0.572299
0.000000,0.000000,0.000000,1.000000

-0.958886,-0.129066,-0.252746,-0.087657
-0.074324,0.973724,-0.215260,-0.084533
0.273888,-0.187625,-0.943283,0.572113
0.000000,0.000000,0.000000,1.000000

-0.958886,-0.129066,-0.252746,-0.087639
-0.074324,0.973724,-0.215260,-0.084517
0.273888,-0.187625,-0.943283,0.571912
0.000000,0.000000,0.000000,1.000000

-0.958886,-0.129066,-0.252746,-0.087619
-0.074324,0.973724,-0.215260,-0.084499
0.273888,-0.187625,-0.943283,0.571695
0.000000,0.000000,0.000000,1.000000

-0.958886,-0.129066,-0.252746,-0.087598
-0.074324,0.973724,-0.215260,-0.084480
0.273888,-0.187625,-0.943283,0.571464
0.000000,0.000000,0.000000,1.000000

-0.958886,-0.129066,-0.252746,-0.087575
-0.074324,0.973724,-0.215260,-0.084460
0.273888,-0.187625,-0.943283,0.571217
0.000000,0.000000,0.000000,1.000000

-0.958886,-0.129066,-0.252746,-0.087551
-0.074324,0.973724,-0.215260,-0.084438
0.273888,-0.187625,-0.943283,0.570956
0.000000,0.000000,0.000000,1.000000

-0.958886,-0.129066,-0.252746,-0.087524
-0.074324,0.973724,-0.215260,-0.084416
0.273888,-0.187625,-0.943283,0.570680
0.000000,0.000000,0.000000,1.000000

-0.958886,-0.129066,-0.252746,-0.087497
-0.074324,0.973724,-0.215260,-0.084392
0.273888,-0.187625,-0.943283,0.570389
0.000000,0.000000,0.000000,1.000000

-0.958886,-0.129066,-0.252746,-0.087467
-0.074324,0.973724,-0.215260,-0.084367
0.273888,-0.187625,-0.943283,0.570084
0.000000,0.000000,0.000000,1.000000

-0.958886,-0.129066,-0.252746,-0.087436
-0.074324,0.973724,-0.215260,-0.084340
0.273888,-0.187625,-0.943283,0.569765
0.000000,0.000000,0.000000,1.000000

-0.958886,-0.129066,-0.252746,-0.087403
-0.074324,0.973724,-0.215260,-0.084313
0.273888,-0.187625,-0.943283,0.569431
0.000000,0.000000,0.000000,1.000000

-0.958886,-0.129066,-0.252746,-0.087369
-0.074324,0.973724,-0.215260,-0.084284
0.273888,-0.187625,-0.943283,0.569083
0.000000,0.000000,0.000000,1.000000

-0.958886,-0.129066,-0.252746,-0.087332
-0.074324,0.973724,-0.215260,-0.084254
0.273888,-0.187625,-0.943283,0.568721
0.000000,0.000000,0.000000,1.000000

-0.958886,-0.129066,-0.252746,-0.087294
-0.074324,0.973724,-0.215260,-0.084223
0.273888,-0.187625,-0.943283,0.568346
0.000000,0.000000,0.000000,1.000000

-0.958886,-0.129066,-0.252746,-0.087255
-0.074324,0.973724,-0.215260,-0.084191
0.273888,-0.187625,-0.943283,0.567957
0.000000,0.000000,0.000000,1.000000

-0.958886,-0.129066,-0.252746,-0.087213
-0.074324,0.973724,-0.215260,-0.084157
0.273888,-0.187625,-0.943283,0.567554
0.000000,0.000000,0.000000,1.000000

-0.958886,-0.129066,-0.252746,-0.087169
-0.074324,0.973724,-0.215260,-0.084122
0.273888,-0.187625,-0.943283,0.567138
0.000000,0.000000,0.000000,1.000000

-0.958886,-0.129066,-0.252746,-0.087124
-0.074324,0.973724,-0.215260,-0.084087
0.273888,-0.187625,-0.943283,0.566708
0.000000,0.000000,0.000000,1.000000

-0.958886,-0.129066,-0.252746,-0.087077
-0.074324,0.973724,-0.215260,-0.084050
0.273888,-0.187625,-0.943283,0.566266
0.000000,0.000000,0.000000,1.000000

-0.958886,-0.129066,-0.252746,-0.087028
-0.074324,0.973724,-0.215260,-0.084012
0.273888,-0.187625,-0.943283,0.565810
0.000000,0.000000,0.000000,1.000000

-0.958886,-0.129066,-0.252746,-0.086977
-0.074324,0.973724,-0.215260,-0.083972
0.273888,-0.187625,-0.943283,0.565341
0.000000,0.000000,0.000000,1.000000

-0.958886,-0.129066,-0.252746,-0.086924
-0.074324,0.973724,-0.215260,-0.083932
0.273888,-0.187625,-0.943283,0.564860
0.000000,0.000000,0.000000,1.000000

-0.958886,-0.129066,-0.252746,-0.086869
-0.074324,0.973724,-0.215260,-0.083891
0.273888,-0.187625,-0.943283,0.564366
0.000000,0.000000,0.000000,1.000000

-0.958886,-0.129066,-0.252746,-0.086813
-0.074324,0.973724,-0.215260,-0.083848
0.273888,-0.187625,-0.943283,0.563859
0.000000,0.000000,0.000000,1.000000

-0.958886,-0.129066,-0.252746,-0.086754
-0.074324,0.973724,-0.215260,-0.083804
0.273888,-0.187625,-0.943283,0.563340
0.000000,0.000000,0.000000,1.000000

-0.958886,-0.129066,-0.252746,-0.086693
-0.074324,0.973724,-0.215260,-0.083760
0.273888,-0.187625,-0.943283,0.562809
0.000000,0.000000,0.000000,1.000000

-0.958886,-0.129066,-0.252746,-0.086631
-0.074324,0.973724,-0.215260,-0.083714
0.273888,-0.187625,-0.943283,0.562265
0.000000,0.000000,0.000000,1.000000

-0.958886,-0.129066,-0.252746,-0.086566
-0.074324,0.973724,-0.215260,-0.083667
0.273888,-0.187625,-0.943283,0.561710
0.000000,0.000000,0.000000,1.000000

-0.958886,-0.129066,-0.252746,-0.086499
-0.074324,0.973724,-0.215260,-0.083619
0.273888,-0.187625,-0.943283,0.561142
0.000000,0.000000,0.000000,1.000000

-0.958886,-0.129066,-0.252746,-0.086430
-0.074324,0.973724,-0.215260,-0.083570
0.273888,-0.187625,-0.943283,0.560563
0.000000,0.000000,0.000000,1.000000

-0.958886,-0.129066,-0.252746,-0.086360
-0.074324,0.973724,-0.215260,-0.083520
0.273888,-0.187625,-0.943283,0.559973
0.000000,0.000000,0.000000,1.000000

-0.958886,-0.129066,-0.252746,-0.086287
-0.074324,0.973724,-0.215260,-0.083468
0.273888,-0.187625,-0.943283,0.559370
0.000000,0.000000,0.000000,1.000000

-0.958886,-0.129066,-0.252746,-0.086212
-0.074324,0.973724,-0.215260,-0.083416
0.273888,-0.187625,-0.943283,0.558757
0.000000,0.000000,0.000000,1.000000

-0.958886,-0.129066,-0.252746,-0.086135
-0.074324,0.973724,-0.215260,-0.083363
0.273888,-0.187625,-0.943283,0.558132
0.000000,0.000000,0.000000,1.000000

-0.958886,-0.129066,-0.252746,-0.086055
-0.074324,0.973724,-0.215260,-0.083309
0.273888,-0.187625,-0.943283,0.557496
0.000000,0.000000,0.000000,1.000000

-0.958886,-0.129066,-0.252746,-0.085974
-0.074324,0.973724,-0.215260,-0.083253
0.273888,-0.187625,-0.943283,0.556849
0.000000,0.000000,0.000000,1.000000

-0.958886,-0.129066,-0.252746,-0.085890
-0.074324,0.973724,-0.215260,-0.083197
0.273888,-0.187625,-0.943283,0.556191
0.000000,0.000000,0.000000,1.000000

-0.958886,-0.129066,-0.252746,-0.085804
-0.074324,0.973724,-0.215260,-0.083140
0.273888,-0.187625,-0.943283,0.555522
0.000000,0.000000,0.000000,1.000000

-0.958886,-0.129066,-0.252746,-0.085716
-0.074324,0.973724,-0.215260,-0.083081
0.273888,-0.187625,-0.943283,0.554843
0.000000,0.000000,0.000000,1.000000

-0.958886,-0.129066,-0.252746,-0.085626
-0.074324,0.973724,-0.215260,-0.083022
0.273888,-0.187625,-0.943283,0.554153
0.000000,0.000000,0.000000,1.000000

-0.958886,-0.129066,-0.252746,-0.085533
-0.074324,0.973724,-0.215260,-0.082962
0.273888,-0.187625,-0.943283,0.553453
0.000000,0.000000,0.000000,1.000000

-0.958886,-0.129066,-0.252746,-0.085439
-0.074324,0.973724,-0.215260,-0.082901
0.273888,-0.187625,-0.943283,0.552743
0.000000,0.000000,0.000000,1.000000

-0.958886,-0.129066,-0.252746,-0.085342
-0.074324,0.973724,-0.215260,-0.082838
0.273888,-0.187625,-0.943283,0.552023
0.000000,0.000000,0.000000,1.000000

-0.958886,-0.129066,-0.252746,-0.085242
-0.074324,0.973724,-0.215260,-0.082775
0.273888,-0.187625,-0.943283,0.551292
0.000000,0.000000,0.000000,1.000000

-0.958886,-0.129066,-0.252746,-0.085141
-0.074324,0.973724,-0.215260,-0.082711
0.273888,-0.187625,-0.943283,0.550552
0.000000,0.000000,0.000000,1.000000

-0.958886,-0.129066,-0.252746,-0.085036
-0.074324,0.973724,-0.215260,-0.082646
0.273888,-0.187625,-0.943283,0.549802
0.000000,0.000000,0.000000,1.000000

-0.958886,-0.129066,-0.252746,-0.084930
-0.074324,0.973724,-0.215260,-0.082580
0.273888,-0.187625,-0.943283,0.549043
0.000000,0.000000,0.000000,1.000000

-0.958886,-0.129066,-0.252746,-0.084821
-0.074324,0.973724,-0.215260,-0.082513
0.273888,-0.187625,-0.943283,0.548274
0.000000,0.000000,0.000000,1.000000

-0.958886,-0.129066,-0.252746,-0.084710
-0.074324,0.973724,-0.215260,-0.082445
0.273888,-0.187625,-0.943283,0.547496
0.000000,0.000000,0.000000,1.000000

-0.958886,-0.129066,-0.252746,-0.084597
-0.074324,0.973724,-0.215260,-0.082376
0.273888,-0.187625,-0.943283,0.546708
0.000000,0.000000,0.000000,1.000000

-0.958886,-0.129066,-0.252746,-0.084480
-0.074324,0.973724,-0.215260,-0.082306
0.273888,-0.187625,-0.943283,0.545912
0.000000,0.000000,0.000000,1.000000

-0.958886,-0.129066,-0.252746,-0.084362
-0.074324,0.973724,-0.215260,-0.082236
0.273888,-0.187625,-0.943283,0.545106
0.000000,0.000000,0.000000,1.000000

-0.958886,-0.129066,-0.252746,-0.084241
-0.074324,0.973724,-0.215260,-0.082164
0.273888,-0.187625,-0.943283,0.544292
0.000000,0.000000,0.000000,1.000000

-0.958886,-0.129066,-0.252746,-0.084118
-0.074324,0.973724,-0.215260,-0.082092
0.273888,-0.187625,-0.943283,0.543469
0.000000,0.000000,0.000000,1.000000

-0.958886,-0.129066,-0.252746,-0.083992
-0.074324,0.973724,-0.215260,-0.082018
0.273888,-0.187625,-0.943283,0.542638
0.000000,0.000000,0.000000,1.000000

-0.958886,-0.129066,-0.252746,-0.083863
-0.074324,0.973724,-0.215260,-0.081944
0.273888,-0.187625,-0.943283,0.541798
0.000000,0.000000,0.000000,1.000000

-0.958886,-0.129066,-0.252746,-0.083732
-0.074324,0.973724,-0.215260,-0.081869
0.273888,-0.187625,-0.943283,0.540950
0.000000,0.000000,0.000000,1.000000

-0.958886,-0.129066,-0.252746,-0.083599
-0.074324,0.973724,-0.215260,-0.081793
0.273888,-0.187625,-0.943283,0.540093
0.000000,0.000000,0.000000,1.000000

-0.958886,-0.129066,-0.252746,-0.083463
-0.074324,0.973724,-0.215260,-0.081717
0.273888,-0.187625,-0.943283,0.539229
0.000000,0.000000,0.000000,1.000000

-0.958886,-0.129066,-0.252746,-0.083324
-0.074324,0.973724,-0.215260,-0.081639
0.273888,-0.187625,-0.943283,0.538357
0.000000,0.000000,0.000000,1.000000

-0.958886,-0.129066,-0.252746,-0.083183
-0.074324,0.973724,-0.215260,-0.081561
0.273888,-0.187625,-0.943283,0.537476
0.000000,0.000000,0.000000,1.000000

-0.958886,-0.129066,-0.252746,-0.083039
-0.074324,0.973724,-0.215260,-0.081481
0.273888,-0.187625,-0.943283,0.536589
0.000000,0.000000,0.000000,1.000000

-0.958886,-0.129066,-0.252746,-0.082892
-0.074324,0.973724,-0.215260,-0.081401
0.273888,-0.187625,-0.943283,0.535693
0.000000,0.000000,0.000000,1.000000

-0.958886,-0.129066,-0.252746,-0.082743
-0.074324,0.973724,-0.215260,-0.081320
0.273888,-0.187625,-0.943283,0.534791
0.000000,0.000000,0.000000,1.000000

-0.958886,-0.129066,-0.252746,-0.082591
-0.074324,0.973724,-0.215260,-0.081239
0.273888,-0.187625,-0.943283,0.533881
0.000000,0.000000,0.000000,1.000000

-0.958886,-0.129066,-0.252746,-0.082436
-0.074324,0.973724,-0.215260,-0.081156
0.273888,-0.187625,-0.943283,0.532964
0.000000,0.000000,0.000000,1.000000

-0.958886,-0.129066,-0.252746,-0.082279
-0.074324,0.973724,-0.215260,-0.081073
0.273888,-0.187625,-0.943283,0.532040
0.000000,0.000000,0.000000,1.000000

-0.958886,-0.129066,-0.252746,-0.082119
-0.074324,0.973724,-0.215260,-0.080989
0.273888,-0.187625,-0.943283,0.531109
0.000000,0.000000,0.000000,1.000000

-0.958886,-0.129066,-0.252746,-0.081956
-0.074324,0.973724,-0.215260,-0.080904
0.273888,-0.187625,-0.943283,0.530171
0.000000,0.000000,0.000000,1.000000

-0.958886,-0.129066,-0.252746,-0.081791
-0.074324,0.973724,-0.215260,-0.080818
0.273888,-0.187625,-0.943283,0.529227
0.000000,0.000000,0.000000,1.000000

-0.958886,-0.129066,-0.252746,-0.081622
-0.074324,0.973724,-0.215260,-0.080732
0.273888,-0.187625,-0.943283,0.528276
0.000000,0.000000,0.000000,1.000000

-0.958886,-0.129066,-0.252746,-0.081451
-0.074324,0.973724,-0.215260,-0.080645
0.273888,-0.187625,-0.943283,0.527319
0.000000,0.000000,0.000000,1.000000

-0.958886,-0.129066,-0.252746,-0.081277
-0.074324,0.973724,-0.215260,-0.080557
0.273888,-0.187625,-0.943283,0.526355
0.000000,0.000000,0.000000,1.000000

-0.958886,-0.129066,-0.252746,-0.081100
-0.074324,0.973724,-0.215260,-0.080468
0.273888,-0.187625,-0.943283,0.525386
0.000000,0.000000,0.000000,1.000000

-0.958886,-0.129066,-0.252746,-0.080920
-0.074324,0.973724,-0.215260,-0.080379
0.273888,-0.187625,-0.943283,0.524410
0.000000,0.000000,0.000000,1.000000

-0.958886,-0.129066,-0.252746,-0.080738
-0.074324,0.973724,-0.215260,-0.080289
0.273888,-0.187625,-0.943283,0.523429
0.000000,0.000000,0.000000,1.000000

-0.958886,-0.129066,-0.252746,-0.080552
-0.074324,0.973724,-0.215260,-0.080198
0.273888,-0.187625,-0.943283,0.522442
0.000000,0.000000,0.000000,1.000000

-0.958886,-0.129066,-0.252746,-0.080364
-0.074324,0.973724,-0.215260,-0.080106
0.273888,-0.187625,-0.943283,0.521449
0.000000,0.000000,0.000000,1.000000

-0.958886,-0.129066,-0.252746,-0.080172
-0.074324,0.973724,-0.215260,-0.080014
0.273888,-0.187625,-0.943283,0.520451
0.000000,0.000000,0.000000,1.000000

-0.958886,-0.129066,-0.252746,-0.079978
-0.074324,0.973724,-0.215260,-0.079921
0.273888,-0.187625,-0.943283,0.519447
0.000000,0.000000,0.000000,1.000000

-0.958886,-0.129066,-0.252746,-0.079781
-0.074324,0.973724,-0.215260,-0.079828
0.273888,-0.187625,-0.943283,0.518439
0.000000,0.000000,0.000000,1.000000

-0.958886,-0.129066,-0.252746,-0.079581
-0.074324,0.973724,-0.215260,-0.079733
0.273888,-0.187625,-0.943283,0.517425
0.000000,0.000000,0.000000,1.000000

-0.958886,-0.129066,-0.252746,-0.079377
-0.074324,0.973724,-0.215260,-0.079639
0.273888,-0.187625,-0.943283,0.516406
0.000000,0.000000,0.000000,1.000000

-0.958886,-0.129066,-0.252746,-0.079171
-0.074324,0.973724,-0.215260,-0.079543
0.273888,-0.187625,-0.943283,0.515383
0.000000,0.000000,0.000000,1.000000

-0.958886,-0.129066,-0.252746,-0.078962
-0.074324,0.973724,-0.215260,-0.079447
0.273888,-0.187625,-0.943283,0.514354
0.000000,0.000000,0.000000,1.000000

-0.958886,-0.129066,-0.252746,-0.078749
-0.074324,0.973724,-0.215260,-0.079350
0.273888,-0.187625,-0.943283,0.513321
0.000000,0.000000,0.000000,1.000000

-0.958886,-0.129066,-0.252746,-0.078534
-0.074324,0.973724,-0.215260,-0.079252
0.273888,-0.187625,-0.943283,0.512284
0.000000,0.000000,0.000000,1.000000

-0.958886,-0.129066,-0.252746,-0.078315
-0.074324,0.973724,-0.215260,-0.079154
0.273888,-0.187625,-0.943283,0.511242
0.000000,0.000000,0.000000,1.000000

-0.958886,-0.129066,-0.252746,-0.078094
-0.074324,0.973724,-0.215260,-0.079055
0.273888,-0.187625,-0.943283,0.510197
0.000000,0.000000,0.000000,1.000000

-0.958886,-0.129066,-0.252746,-0.077869
-0.074324,0.973724,-0.215260,-0.078956
0.273888,-0.187625,-0.943283,0.509147
0.000000,0.000000,0.000000,1.000000

-0.958886,-0.129066,-0.252746,-0.077641
-0.074324,0.973724,-0.215260,-0.078856
0.273888,-0.187625,-0.943283,0.508093
0.000000,0.000000,0.000000,1.000000

-0.958886,-0.129066,-0.252746,-0.077410
-0.074324,0.973724,-0.215260,-0.078755
0.273888,-0.187625,-0.943283,0.507035
0.000000,0.000000,0.000000,1.000000

-0.958886,-0.129066,-0.252746,-0.077175
-0.074324,0.973724,-0.215260,-0.078654
0.273888,-0.187625,-0.943283,0.505974
0.000000,0.000000,0.000000,1.000000

-0.958886,-0.129066,-0.252746,-0.076938
-0.074324,0.973724,-0.215260,-0.078552
0.273888,-0.187625,-0.943283,0.504909
0.000000,0.000000,0.000000,1.000000

-0.958886,-0.129066,-0.252746,-0.076697
-0.074324,0.973724,-0.215260,-0.078449
0.273888,-0.187625,-0.943283,0.503841
0.000000,0.000000,0.000000,1.000000

-0.958886,-0.129066,-0.252746,-0.076453
-0.074324,0.973724,-0.215260,-0.078346
0.273888,-0.187625,-0.943283,0.502770
0.000000,0.000000,0.000000,1.000000

-0.958886,-0.129066,-0.252746,-0.076206
-0.074324,0.973724,-0.215260,-0.078243
0.273888,-0.187625,-0.943283,0.501695
0.000000,0.000000,0.000000,1.000000

-0.958886,-0.129066,-0.252746,-0.075955
-0.074324,0.973724,-0.215260,-0.078138
0.273888,-0.187625,-0.943283,0.500617
0.000000,0.000000,0.000000,1.000000

-0.958886,-0.129066,-0.252746,-0.075702
-0.074324,0.973724,-0.215260,-0.078034
0.273888,-0.187625,-0.943283,0.499537
0.000000,0.000000,0.000000,1.000000

-0.958886,-0.129066,-0.252746,-0.075445
-0.074324,0.973724,-0.215260,-0.077928
0.273888,-0.187625,-0.943283,0.498453
0.000000,0.000000,0.000000,1.000000

-0.958886,-0.129066,-0.252746,-0.075184
-0.074324,0.973724,-0.215260,-0.077823
0.273888,-0.187625,-0.943283,0.497368
0.000000,0.000000,0.000000,1.000000

-0.958886,-0.129066,-0.252746,-0.074920
-0.074324,0.973724,-0.215260,-0.077716
0.273888,-0.187625,-0.943283,0.496279
0.000000,0.000000,0.000000,1.000000

-0.958886,-0.129066,-0.252746,-0.074653
-0.074324,0.973724,-0.215260,-0.077609
0.273888,-0.187625,-0.943283,0.495188
0.000000,0.000000,0.000000,1.000000

-0.958886,-0.129066,-0.252746,-0.074383
-0.074324,0.973724,-0.215260,-0.077502
0.273888,-0.187625,-0.943283,0.494095
0.000000,0.000000,0.000000,1.000000

-0.958886,-0.129066,-0.252746,-0.074109
-0.074324,0.973724,-0.215260,-0.077394
0.273888,-0.187625,-0.943283,0.493000
0.000000,0.000000,0.000000,1.000000

-0.958886,-0.129066,-0.252746,-0.073831
-0.074324,0.973724,-0.215260,-0.077286
0.273888,-0.187625,-0.943283,0.491902
0.000000,0.000000,0.000000,1.000000

-0.958886,-0.129066,-0.252746,-0.073551
-0.074324,0.973724,-0.215260,-0.077177
0.273888,-0.187625,-0.943283,0.490803
0.000000,0.000000,0.000000,1.000000

-0.958886,-0.129066,-0.252746,-0.073266
-0.074324,0.973724,-0.215260,-0.077068
0.273888,-0.187625,-0.943283,0.489702
0.000000,0.000000,0.000000,1.000000

-0.958886,-0.129066,-0.252746,-0.072979
-0.074324,0.973724,-0.215260,-0.076958
0.273888,-0.187625,-0.943283,0.488600
0.000000,0.000000,0.000000,1.000000

-0.958886,-0.129066,-0.252746,-0.072687
-0.074324,0.973724,-0.215260,-0.076847
0.273888,-0.187625,-0.943283,0.487496
0.000000,0.000000,0.000000,1.000000

-0.958886,-0.129066,-0.252746,-0.072393
-0.074324,0.973724,-0.215260,-0.076737
0.273888,-0.187625,-0.943283,0.486390
0.000000,0.000000,0.000000,1.000000

-0.958886,-0.129066,-0.252746,-0.072094
-0.074324,0.973724,-0.215260,-0.076625
0.273888,-0.187625,-0.943283,0.485284
0.000000,0.000000,0.000000,1.000000

-0.958886,-0.129066,-0.252746,-0.071793
-0.074324,0.973724,-0.215260,-0.076514
0.273888,-0.187625,-0.943283,0.484176
0.000000,0.000000,0.000000,1.000000

-0.958886,-0.129066,-0.252746,-0.071487
-0.074324,0.973724,-0.215260,-0.076401
0.273888,-0.187625,-0.943283,0.483068
0.000000,0.000000,0.000000,1.000000

-0.958886,-0.129066,-0.252746,-0.071178
-0.074324,0.973724,-0.215260,-0.076289
0.273888,-0.187625,-0.943283,0.481958
0.000000,0.000000,0.000000,1.000000

-0.958886,-0.129066,-0.252746,-0.070866
-0.074324,0.973724,-0.215260,-0.076176
0.273888,-0.187625,-0.943283,0.480848
0.000000,0.000000,0.000000,1.000000

-0.958886,-0.129066,-0.252746,-0.070550
-0.074324,0.973724,-0.215260,-0.076062
0.273888,-0.187625,-0.943283,0.479737
0.000000,0.000000,0.000000,1.000000

-0.958886,-0.129066,-0.252746,-0.070230
-0.074324,0.973724,-0.215260,-0.075948
0.273888,-0.187625,-0.943283,0.478626
0.000000,0.000000,0.000000,1.000000

-0.958886,-0.129066,-0.252746,-0.069907
-0.074324,0.973724,-0.215260,-0.075834
0.273888,-0.187625,-0.943283,0.477514
0.000000,0.000000,0.000000,1.000000

-0.958886,-0.129066,-0.252746,-0.069580
-0.074324,0.973724,-0.215260,-0.075720
0.273888,-0.187625,-0.943283,0.476402
0.000000,0.000000,0.000000,1.000000

-0.958886,-0.129066,-0.252746,-0.069249
-0.074324,0.973724,-0.215260,-0.075604
0.273888,-0.187625,-0.943283,0.475290
0.000000,0.000000,0.000000,1.000000

-0.958886,-0.129066,-0.252746,-0.068914
-0.074324,0.973724,-0.215260,-0.075489
0.273888,-0.187625,-0.943283,0.474179
0.000000,0.000000,0.000000,1.000000

-0.958886,-0.129066,-0.252746,-0.068576
-0.074324,0.973724,-0.215260,-0.075373
0.273888,-0.187625,-0.943283,0.473067
0.000000,0.000000,0.000000,1.000000

-0.958886,-0.129066,-0.252746,-0.068234
-0.074324,0.973724,-0.215260,-0.075257
0.273888,-0.187625,-0.943283,0.471956
0.000000,0.000000,0.000000,1.000000

-0.958886,-0.129066,-0.252746,-0.067888
-0.074324,0.973724,-0.215260,-0.075140
0.273888,-0.187625,-0.943283,0.470845
0.000000,0.000000,0.000000,1.000000

-0.958886,-0.129066,-0.252746,-0.067539
-0.074324,0.973724,-0.215260,-0.075024
0.273888,-0.187625,-0.943283,0.469734
0.000000,0.000000,0.000000,1.000000

-0.958886,-0.129066,-0.252746,-0.067186
-0.074324,0.973724,-0.215260,-0.074906
0.273888,-0.187625,-0.943283,0.468625
0.000000,0.000000,0.000000,1.000000

-0.958886,-0.129066,-0.252746,-0.066828
-0.074324,0.973724,-0.215260,-0.074789
0.273888,-0.187625,-0.943283,0.467516
0.000000,0.000000,0.000000,1.000000

-0.958886,-0.129066,-0.252746,-0.066468
-0.074324,0.973724,-0.215260,-0.074671
0.273888,-0.187625,-0.943283,0.466408
0.000000,0.000000,0.000000,1.000000

-0.958886,-0.129066,-0.252746,-0.066103
-0.074324,0.973724,-0.215260,-0.074553
0.273888,-0.187625,-0.943283,0.465301
0.000000,0.000000,0.000000,1.000000

-0.958886,-0.129066,-0.252746,-0.065734
-0.074324,0.973724,-0.215260,-0.074434
0.273888,-0.187625,-0.943283,0.464196
0.000000,0.000000,0.000000,1.000000

-0.958886,-0.129066,-0.252746,-0.065362
-0.074324,0.973724,-0.215260,-0.074315
0.273888,-0.187625,-0.943283,0.463092
0.000000,0.000000,0.000000,1.000000

-0.958886,-0.129066,-0.252746,-0.064985
-0.074324,0.973724,-0.215260,-0.074196
0.273888,-0.187625,-0.943283,0.461989
0.000000,0.000000,0.000000,1.000000

-0.958886,-0.129066,-0.252746,-0.064605
-0.074324,0.973724,-0.215260,-0.074076
0.273888,-0.187625,-0.943283,0.460888
0.000000,0.000000,0.000000,1.000000

-0.958886,-0.129066,-0.252746,-0.064221
-0.074324,0.973724,-0.215260,-0.073957
0.273888,-0.187625,-0.943283,0.459788
0.000000,0.000000,0.000000,1.000000

-0.958886,-0.129066,-0.252746,-0.063832
-0.074324,0.973724,-0.215260,-0.073837
0.273888,-0.187625,-0.943283,0.458691
0.000000,0.000000,0.000000,1.000000

-0.958886,-0.129066,-0.252746,-0.063440
-0.074324,0.973724,-0.215260,-0.073716
0.273888,-0.187625,-0.943283,0.457595
0.000000,0.000000,0.000000,1.000000

-0.958886,-0.129066,-0.252746,-0.063044
-0.074324,0.973724,-0.215260,-0.073596
0.273888,-0.187625,-0.943283,0.456502
0.000000,0.000000,0.000000,1.000000

-0.958886,-0.129066,-0.252746,-0.062644
-0.074324,0.973724,-0.215260,-0.073475
0.273888,-0.187625,-0.943283,0.455410
0.000000,0.000000,0.000000,1.000000

-0.958886,-0.129066,-0.252746,-0.062239
-0.074324,0.973724,-0.215260,-0.073354
0.273888,-0.187625,-0.943283,0.454322
0.000000,0.000000,0.000000,1.000000

-0.958886,-0.129066,-0.252746,-0.061831
-0.074324,0.973724,-0.215260,-0.073232
0.273888,-0.187625,-0.943283,0.453235
0.000000,0.000000,0.000000,1.000000

-0.958886,-0.129066,-0.252746,-0.061419
-0.074324,0.973724,-0.215260,-0.073111
0.273888,-0.187625,-0.943283,0.452151
0.000000,0.000000,0.000000,1.000000

-0.958886,-0.129066,-0.252746,-0.061003
-0.074324,0.973724,-0.215260,-0.072989
0.273888,-0.187625,-0.943283,0.451070
0.000000,0.000000,0.000000,1.000000

-0.958886,-0.129066,-0.252746,-0.060583
-0.074324,0.973724,-0.215260,-0.072867
0.273888,-0.187625,-0.943283,0.449992
0.000000,0.000000,0.000000,1.000000

-0.958886,-0.129066,-0.252746,-0.060159
-0.074324,0.973724,-0.215260,-0.072744
0.273888,-0.187625,-0.943283,0.448917
0.000000,0.000000,0.000000,1.000000

-0.958886,-0.129066,-0.252746,-0.059731
-0.074324,0.973724,-0.215260,-0.072621
0.273888,-0.187625,-0.943283,0.447845
0.000000,0.000000,0.000000,1.000000

-0.958886,-0.129066,-0.252746,-0.059299
-0.074324,0.973724,-0.215260,-0.072498
0.273888,-0.187625,-0.943283,0.446776
0.000000,0.000000,0.000000,1.000000

-0.958886,-0.129066,-0.252746,-0.058864
-0.074324,0.973724,-0.215260,-0.072375
0.273888,-0.187625,-0.943283,0.445711
0.000000,0.000000,0.000000,1.000000

-0.958886,-0.129066,-0.252746,-0.058424
-0.074324,0.973724,-0.215260,-0.072251
0.273888,-0.187625,-0.943283,0.444649
0.000000,0.000000,0.000000,1.000000

-0.958886,-0.129066,-0.252746,-0.057981
-0.074324,0.973724,-0.215260,-0.072127
0.273888,-0.187625,-0.943283,0.443590
0.000000,0.000000,0.000000,1.000000

-0.958886,-0.129066,-0.252746,-0.057534
-0.074324,0.973724,-0.215260,-0.072003
0.273888,-0.187625,-0.943283,0.442536
0.000000,0.000000,0.000000,1.000000

-0.958886,-0.129066,-0.252746,-0.057084
-0.074324,0.973724,-0.215260,-0.071879
0.273888,-0.187625,-0.943283,0.441485
0.000000,0.000000,0.000000,1.000000

-0.958886,-0.129066,-0.252746,-0.056630
-0.074324,0.973724,-0.215260,-0.071754
0.273888,-0.187625,-0.943283,0.440438
0.000000,0.000000,0.000000,1.000000

-0.958886,-0.129066,-0.252746,-0.056172
-0.074324,0.973724,-0.215260,-0.071629
0.273888,-0.187625,-0.943283,0.439396
0.000000,0.000000,0.000000,1.000000

-0.958886,-0.129066,-0.252746,-0.055710
-0.074324,0.973724,-0.215260,-0.071503
0.273888,-0.187625,-0.943283,0.438357
0.000000,0.000000,0.000000,1.000000

-0.958886,-0.129066,-0.252746,-0.055245
-0.074324,0.973724,-0.215260,-0.071377
0.273888,-0.187625,-0.943283,0.437323
0.000000,0.000000,0.000000,1.000000

-0.958886,-0.129066,-0.252746,-0.054776
-0.074324,0.973724,-0.215260,-0.071251
0.273888,-0.187625,-0.943283,0.436294
0.000000,0.000000,0.000000,1.000000

-0.958886,-0.129066,-0.252746,-0.054304
-0.074324,0.973724,-0.215260,-0.071125
0.273888,-0.187625,-0.943283,0.435269
0.000000,0.000000,0.000000,1.000000

-0.958886,-0.129066,-0.252746,-0.053828
-0.074324,0.973724,-0.215260,-0.070998
0.273888,-0.187625,-0.943283,0.434249
0.000000,0.000000,0.000000,1.000000

-0.958886,-0.129066,-0.252746,-0.053348
-0.074324,0.973724,-0.215260,-0.070870
0.273888,-0.187625,-0.943283,0.433234
0.000000,0.000000,0.000000,1.000000

-0.958886,-0.129066,-0.252746,-0.052865
-0.074324,0.973724,-0.215260,-0.070743
0.273888,-0.187625,-0.943283,0.432224
0.000000,0.000000,0.000000,1.000000

-0.958886,-0.129066,-0.252746,-0.052379
-0.074324,0.973724,-0.215260,-0.070615
0.273888,-0.187625,-0.943283,0.431218
0.000000,0.000000,0.000000,1.000000

-0.958886,-0.129066,-0.252746,-0.051889
-0.074324,0.973724,-0.215260,-0.070487
0.273888,-0.187625,-0.943283,0.430219
0.000000,0.000000,0.000000,1.000000

-0.958886,-0.129066,-0.252746,-0.051396
-0.074324,0.973724,-0.215260,-0.070358
0.273888,-0.187625,-0.943283,0.429224
0.000000,0.000000,0.000000,1.000000

-0.958886,-0.129066,-0.252746,-0.050899
-0.074324,0.973724,-0.215260,-0.070229
0.273888,-0.187625,-0.943283,0.428235
0.000000,0.000000,0.000000,1.000000

-0.958886,-0.129066,-0.252746,-0.050399
-0.074324,0.973724,-0.215260,-0.070099
0.273888,-0.187625,-0.943283,0.427252
0.000000,0.000000,0.000000,1.000000

-0.958886,-0.129066,-0.252746,-0.049896
-0.074324,0.973724,-0.215260,-0.069970
0.273888,-0.187625,-0.943283,0.426274
0.000000,0.000000,0.000000,1.000000

-0.958886,-0.129066,-0.252746,-0.049389
-0.074324,0.973724,-0.215260,-0.069839
0.273888,-0.187625,-0.943283,0.425302
0.000000,0.000000,0.000000,1.000000

-0.958886,-0.129066,-0.252746,-0.048879
-0.074324,0.973724,-0.215260,-0.069709
0.273888,-0.187625,-0.943283,0.424337
0.000000,0.000000,0.000000,1.000000

-0.958886,-0.129066,-0.252746,-0.048365
-0.074324,0.973724,-0.215260,-0.069578
0.273888,-0.187625,-0.943283,0.423377
0.000000,0.000000,0.000000,1.000000

-0.958886,-0.129066,-0.252746,-0.047849
-0.074324,0.973724,-0.215260,-0.069446
0.273888,-0.187625,-0.943283,0.422424
0.000000,0.000000,0.000000,1.000000

-0.958886,-0.129066,-0.252746,-0.047329
-0.074324,0.973724,-0.215260,-0.069314
0.273888,-0.187625,-0.943283,0.421477
0.000000,0.000000,0.000000,1.000000

-0.958886,-0.129066,-0.252746,-0.046806
-0.074324,0.973724,-0.215260,-0.069182
0.273888,-0.187625,-0.943283,0.420536
0.000000,0.000000,0.000000,1.000000

-0.958886,-0.129066,-0.252746,-0.046280
-0.074324,0.973724,-0.215260,-0.069049
0.273888,-0.187625,-0.943283,0.419602
0.000000,0.000000,0.000000,1.000000

-0.958886,-0.129066,-0.252746,-0.045751
-0.074324,0.973724,-0.215260,-0.068916
0.273888,-0.187625,-0.943283,0.418675
0.000000,0.000000,0.000000,1.000000

-0.958886,-0.129066,-0.252746,-0.045218
-0.074324,0.973724,-0.215260,-0.068783
0.273888,-0.187625,-0.943283,0.417755
0.000000,0.000000,0.000000,1.000000

-0.958886,-0.129066,-0.252746,-0.044682
-0.074324,0.973724,-0.215260,-0.068649
0.273888,-0.187625,-0.943283,0.416842
0.000000,0.000000,0.000000,1.000000

-0.958886,-0.129066,-0.252746,-0.044144
-0.074324,0.973724,-0.215260,-0.068514
0.273888,-0.187625,-0.943283,0.415936
0.000000,0.000000,0.000000,1.000000

-0.958886,-0.129066,-0.252746,-0.043602
-0.074324,0.973724,-0.215260,-0.068380
0.273888,-0.187625,-0.943283,0.415037
0.000000,0.000000,0.000000,1.000000

-0.958886,-0.129066,-0.252746,-0.043057
-0.074324,0.973724,-0.215260,-0.068244
0.273888,-0.187625,-0.943283,0.414145
0.000000,0.000000,0.000000,1.000000

-0.958886,-0.129066,-0.252746,-0.042510
-0.074324,0.973724,-0.215260,-0.068109
0.273888,-0.187625,-0.943283,0.413261
0.000000,0.000000,0.000000,1.000000

-0.958886,-0.129066,-0.252746,-0.041959
-0.074324,0.973724,-0.215260,-0.067972
0.273888,-0.187625,-0.943283,0.412385
0.000000,0.000000,0.000000,1.000000

-0.958886,-0.129066,-0.252746,-0.041405
-0.074324,0.973724,-0.215260,-0.067836
0.273888,-0.187625,-0.943283,0.411517
0.000000,0.000000,0.000000,1.000000

-0.958886,-0.129066,-0.252746,-0.040848
-0.074324,0.973724,-0.215260,-0.067699
0.273888,-0.187625,-0.943283,0.410656
0.000000,0.000000,0.000000,1.000000

-0.958886,-0.129066,-0.252746,-0.040289
-0.074324,0.973724,-0.215260,-0.067561
0.273888,-0.187625,-0.943283,0.409803
0.000000,0.000000,0.000000,1.000000

-0.958886,-0.129066,-0.252746,-0.039726
-0.074324,0.973724,-0.215260,-0.067423
0.273888,-0.187625,-0.943283,0.408959
0.000000,0.000000,0.000000,1.000000

-0.958886,-0.129066,-0.252746,-0.039161
-0.074324,0.973724,-0.215260,-0.067284
0.273888,-0.187625,-0.943283,0.408123
0.000000,0.000000,0.000000,1.000000

-0.958886,-0.129066,-0.252746,-0.038593
-0.074324,0.973724,-0.215260,-0.067145
0.273888,-0.187625,-0.943283,0.407295
0.000000,0.000000,0.000000,1.000000

-0.958886,-0.129066,-0.252746,-0.038022
-0.074324,0.973724,-0.215260,-0.067006
0.273888,-0.187625,-0.943283,0.406475
0.000000,0.000000,0.000000,1.000000

-0.958886,-0.129066,-0.252746,-0.037448
-0.074324,0.973724,-0.215260,-0.066866
0.273888,-0.187625,-0.943283,0.405665
0.000000,0.000000,0.000000,1.000000

-0.958886,-0.129066,-0.252746,-0.036872
-0.074324,0.973724,-0.215260,-0.066725
0.273888,-0.187625,-0.943283,0.404863
0.000000,0.000000,0.000000,1.000000

-0.958886,-0.129066,-0.252746,-0.036293
-0.074324,0.973724,-0.215260,-0.066584
0.273888,-0.187625,-0.943283,0.404069
0.000000,0.000000,0.000000,1.000000

-0.958886,-0.129066,-0.252746,-0.035711
-0.074324,0.973724,-0.215260,-0.066442
0.273888,-0.187625,-0.943283,0.403285
0.000000,0.000000,0.000000,1.000000

-0.958886,-0.129066,-0.252746,-0.035126
-0.074324,0.973724,-0.215260,-0.066300
0.273888,-0.187625,-0.943283,0.402510
0.000000,0.000000,0.000000,1.000000

-0.958886,-0.129066,-0.252746,-0.034539
-0.074324,0.973724,-0.215260,-0.066158
0.273888,-0.187625,-0.943283,0.401745
0.000000,0.000000,0.000000,1.000000

-0.958886,-0.129066,-0.252746,-0.033949
-0.074324,0.973724,-0.215260,-0.066014
0.273888,-0.187625,-0.943283,0.400988
0.000000,0.000000,0.000000,1.000000

-0.958886,-0.129066,-0.252746,-0.033357
-0.074324,0.973724,-0.215260,-0.065871
0.273888,-0.187625,-0.943283,0.400242
0.000000,0.000000,0.000000,1.000000

-0.958886,-0.129066,-0.252746,-0.032761
-0.074324,0.973724,-0.215260,-0.065726
0.273888,-0.187625,-0.943283,0.399505
0.000000,0.000000,0.000000,1.000000

-0.958886,-0.129066,-0.252746,-0.032164
-0.074324,0.973724,-0.215260,-0.065582
0.273888,-0.187625,-0.943283,0.398777
0.000000,0.000000,0.000000,1.000000

-0.958886,-0.129066,-0.252746,-0.031564
-0.074324,0.973724,-0.215260,-0.065436
0.273888,-0.187625,-0.943283,0.398060
0.000000,0.000000,0.000000,1.000000

-0.958886,-0.129066,-0.252746,-0.030961
-0.074324,0.973724,-0.215260,-0.065290
0.273888,-0.187625,-0.943283,0.397352
0.000000,0.000000,0.000000,1.000000

-0.958886,-0.129066,-0.252746,-0.030356
-0.074324,0.973724,-0.215260,-0.065144
0.273888,-0.187625,-0.943283,0.396655
0.000000,0.000000,0.000000,1.000000

-0.958886,-0.129066,-0.252746,-0.029748
-0.074324,0.973724,-0.215260,-0.064997
0.273888,-0.187625,-0.943283,0.395968
0.000000,0.000000,0.000000,1.000000

-0.958886,-0.129066,-0.252746,-0.029138
-0.074324,0.973724,-0.215260,-0.064850
0.273888,-0.187625,-0.943283,0.395291
0.000000,0.000000,0.000000,1.000000

-0.958886,-0.129066,-0.252746,-0.028525
-0.074324,0.973724,-0.215260,-0.064701
0.273888,-0.187625,-0.943283,0.394625
0.000000,0.000000,0.000000,1.000000

-0.958886,-0.129066,-0.252746,-0.027911
-0.074324,0.973724,-0.215260,-0.064553
0.273888,-0.187625,-0.943283,0.393969
0.000000,0.000000,0.000000,1.000000

-0.958886,-0.129066,-0.252746,-0.027293
-0.074324,0.973724,-0.215260,-0.064403
0.273888,-0.187625,-0.943283,0.393325
0.000000,0.000000,0.000000,1.000000

-0.958886,-0.129066,-0.252746,-0.026674
-0.074324,0.973724,-0.215260,-0.064254
0.273888,-0.187625,-0.943283,0.392691
0.000000,0.000000,0.000000,1.000000

-0.958886,-0.129066,-0.252746,-0.026052
-0.074324,0.973724,-0.215260,-0.064103
0.273888,-0.187625,-0.943283,0.392068
0.000000,0.000000,0.000000,1.000000

-0.958886,-0.129066,-0.252746,-0.025428
-0.074324,0.973724,-0.215260,-0.063952
0.273888,-0.187625,-0.943283,0.391456
0.000000,0.000000,0.000000,1.000000

-0.958886,-0.129066,-0.252746,-0.024801
-0.074324,0.973724,-0.215260,-0.063800
0.273888,-0.187625,-0.943283,0.390856
0.000000,0.000000,0.000000,1.000000

-0.958886,-0.129066,-0.252746,-0.024172
-0.074324,0.973724,-0.215260,-0.063648
0.273888,-0.187625,-0.943283,0.390267
0.000000,0.000000,0.000000,1.000000

-0.958886,-0.129066,-0.252746,-0.023541
-0.074324,0.973724,-0.215260,-0.063495
0.273888,-0.187625,-0.943283,0.389689
0.000000,0.000000,0.000000,1.000000

-0.958886,-0.129066,-0.252746,-0.022908
-0.074324,0.973724,-0.215260,-0.063342
0.273888,-0.187625,-0.943283,0.389123
0.000000,0.000000,0.000000,1.000000

-0.958886,-0.129066,-0.252746,-0.022273
-0.074324,0.973724,-0.215260,-0.063188
0.273888,-0.187625,-0.943283,0.388569
0.000000,0.000000,0.000000,1.000000

-0.958886,-0.129066,-0.252746,-0.021636
-0.074324,0.973724,-0.215260,-0.063033
0.273888,-0.187625,-0.943283,0.388027
0.000000,0.000000,0.000000,1.000000

-0.958886,-0.129066,-0.252746,-0.020996
-0.074324,0.973724,-0.215260,-0.062877
0.273888,-0.187625,-0.943283,0.387497
0.000000,0.000000,0.000000,1.000000

-0.958886,-0.129066,-0.252746,-0.020354
-0.074324,0.973724,-0.215260,-0.062721
0.273888,-0.187625,-0.943283,0.386979
0.000000,0.000000,0.000000,1.000000

-0.958886,-0.129066,-0.252746,-0.019711
-0.074324,0.973724,-0.215260,-0.062565
0.273888,-0.187625,-0.943283,0.386473
0.000000,0.000000,0.000000,1.000000

-0.958886,-0.129066,-0.252746,-0.019065
-0.074324,0.973724,-0.215260,-0.062407
0.273888,-0.187625,-0.943283,0.385979
0.000000,0.000000,0.000000,1.000000

-0.958886,-0.129066,-0.252746,-0.018417
-0.074324,0.973724,-0.215260,-0.062250
0.273888,-0.187625,-0.943283,0.385499
0.000000,0.000000,0.000000,1.000000

-0.958886,-0.129066,-0.252746,-0.017767
-0.074324,0.973724,-0.215260,-0.062091
0.273888,-0.187625,-0.943283,0.385030
0.000000,0.000000,0.000000,1.000000

-0.958886,-0.129066,-0.252746,-0.017116
-0.074324,0.973724,-0.215260,-0.061932
0.273888,-0.187625,-0.943283,0.384575
0.000000,0.000000,0.000000,1.000000

-0.958886,-0.129066,-0.252746,-0.016462
-0.074324,0.973724,-0.215260,-0.061772
0.273888,-0.187625,-0.943283,0.384132
0.000000,0.000000,0.000000,1.000000

-0.958886,-0.129066,-0.252746,-0.015806
-0.074324,0.973724,-0.215260,-0.061611
0.273888,-0.187625,-0.943283,0.383703
0.000000,0.000000,0.000000,1.000000

-0.958886,-0.129066,-0.252746,-0.015149
-0.074324,0.973724,-0.215260,-0.061450
0.273888,-0.187625,-0.943283,0.383286
0.000000,0.000000,0.000000,1.000000

-0.958886,-0.129066,-0.252746,-0.014489
-0.074324,0.973724,-0.215260,-0.061288
0.273888,-0.187625,-0.943283,0.382883
0.000000,0.000000,0.000000,1.000000

-0.958886,-0.129066,-0.252746,-0.013828
-0.074324,0.973724,-0.215260,-0.061125
0.273888,-0.187625,-0.943283,0.382494
0.000000,0.000000,0.000000,1.000000

-0.958886,-0.129066,-0.252746,-0.013165
-0.074324,0.973724,-0.215260,-0.060962
0.273888,-0.187625,-0.943283,0.382117
0.000000,0.000000,0.000000,1.000000

-0.958886,-0.129066,-0.252746,-0.012500
-0.074324,0.973724,-0.215260,-0.060798
0.273888,-0.187625,-0.943283,0.381755
0.000000,0.000000,0.000000,1.000000

-0.958886,-0.129066,-0.252746,-0.011834
-0.074324,0.973724,-0.215260,-0.060633
0.273888,-0.187625,-0.943283,0.381406
0.000000,0.000000,0.000000,1.000000

-0.958886,-0.129066,-0.252746,-0.011165
-0.074324,0.973724,-0.215260,-0.060468
0.273888,-0.187625,-0.943283,0.381071
0.000000,0.000000,0.000000,1.000000

-0.958886,-0.129066,-0.252746,-0.010495
-0.074324,0.973724,-0.215260,-0.060302
0.273888,-0.187625,-0.943283,0.380750
0.000000,0.000000,0.000000,1.000000

-0.958886,-0.129066,-0.252746,-0.009823
-0.074324,0.973724,-0.215260,-0.060135
0.273888,-0.187625,-0.943283,0.380444
0.000000,0.000000,0.000000,1.000000

-0.958886,-0.129066,-0.252746,-0.009150
-0.074324,0.973724,-0.215260,-0.059967
0.273888,-0.187625,-0.943283,0.380151
0.000000,0.000000,0.000000,1.000000

-0.958886,-0.129066,-0.252746,-0.008475
-0.074324,0.973724,-0.215260,-0.059799
0.273888,-0.187625,-0.943283,0.379873
0.000000,0.000000,0.000000,1.000000

-0.958886,-0.129066,-0.252746,-0.007798
-0.074324,0.973724,-0.215260,-0.059630
0.273888,-0.187625,-0.943283,0.379610
0.000000,0.000000,0.000000,1.000000

-0.958886,-0.129066,-0.252746,-0.007120
-0.074324,0.973724,-0.215260,-0.059460
0.273888,-0.187625,-0.943283,0.379361
0.000000,0.000000,0.000000,1.000000

-0.958886,-0.129066,-0.252746,-0.006440
-0.074324,0.973724,-0.215260,-0.059290
0.273888,-0.187625,-0.943283,0.379127
0.000000,0.000000,0.000000,1.000000

-0.958886,-0.129066,-0.252746,-0.005759
-0.074324,0.973724,-0.215260,-0.059119
0.273888,-0.187625,-0.943283,0.378908
0.000000,0.000000,0.000000,1.000000

-0.958886,-0.129066,-0.252746,-0.005076
-0.074324,0.973724,-0.215260,-0.058947
0.273888,-0.187625,-0.943283,0.378704
0.000000,0.000000,0.000000,1.000000

-0.958886,-0.129066,-0.252746,-0.004391
-0.074324,0.973724,-0.215260,-0.058774
0.273888,-0.187625,-0.943283,0.378515
0.000000,0.000000,0.000000,1.000000

-0.958886,-0.129066,-0.252746,-0.003705
-0.074324,0.973724,-0.215260,-0.058601
0.273888,-0.187625,-0.943283,0.378341
0.000000,0.000000,0.000000,1.000000

-0.958886,-0.129066,-0.252746,-0.003018
-0.074324,0.973724,-0.215260,-0.058426
0.273888,-0.187625,-0.943283,0.378183
0.000000,0.000000,0.000000,1.000000

-0.958886,-0.129066,-0.252746,-0.002329
-0.074324,0.973724,-0.215260,-0.058251
0.273888,-0.187625,-0.943283,0.378040
0.000000,0.000000,0.000000,1.000000

-0.958886,-0.129066,-0.252746,-0.001639
-0.074324,0.973724,-0.215260,-0.058076
0.273888,-0.187625,-0.943283,0.377913
0.000000,0.000000,0.000000,1.000000

-0.958886,-0.129066,-0.252746,-0.000947
-0.074324,0.973724,-0.215260,-0.057899
0.273888,-0.187625,-0.943283,0.377802
0.000000,0.000000,0.000000,1.000000

-0.958886,-0.129066,-0.252746,-0.000254
-0.074324,0.973724,-0.215260,-0.057722
0.273888,-0.187625,-0.943283,0.377706
0.000000,0.000000,0.000000,1.000000

-0.958886,-0.129066,-0.252746,0.000440
-0.074324,0.973724,-0.215260,-0.057544
0.273888,-0.187625,-0.943283,0.377627
0.000000,0.000000,0.000000,1.000000

-0.958886,-0.129066,-0.252746,0.001136
-0.074324,0.973724,-0.215260,-0.057365
0.273888,-0.187625,-0.943283,0.377564
0.000000,0.000000,0.000000,1.000000

-0.958886,-0.129066,-0.252746,0.001833
-0.074324,0.973724,-0.215260,-0.057185
0.273888,-0.187625,-0.943283,0.377517
0.000000,0.000000,0.000000,1.000000

-0.958886,-0.129066,-0.252746,0.002531
-0.074324,0.973724,-0.215260,-0.057004
0.273888,-0.187625,-0.943283,0.377486
0.000000,0.000000,0.000000,1.000000

-0.958886,-0.129066,-0.252746,0.003230
-0.074324,0.973724,-0.215260,-0.056823
0.273888,-0.187625,-0.943283,0.377472
0.000000,0.000000,0.000000,1.000000

-0.958886,-0.129066,-0.252746,0.003931
-0.074324,0.973724,-0.215260,-0.056641
0.273888,-0.187625,-0.943283,0.377475
0.000000,0.000000,0.000000,1.000000

-0.958886,-0.129066,-0.252746,0.004632
-0.074324,0.973724,-0.215260,-0.056458
0.273888,-0.187625,-0.943283,0.377494
0.000000,0.000000,0.000000,1.000000

-0.958886,-0.129066,-0.252746,0.005335
-0.074324,0.973724,-0.215260,-0.056274
0.273888,-0.187625,-0.943283,0.377531
0.000000,0.000000,0.000000,1.000000

-0.958886,-0.129066,-0.252746,0.006039
-0.074324,0.973724,-0.215260,-0.056090
0.273888,-0.187625,-0.943283,0.377584
0.000000,0.000000,0.000000,1.000000

-0.958886,-0.129066,-0.252746,0.006744
-0.074324,0.973724,-0.215260,-0.055904
0.273888,-0.187625,-0.943283,0.377655
0.000000,0.000000,0.000000,1.000000

-0.958886,-0.129066,-0.252746,0.007451
-0.074324,0.973724,-0.215260,-0.055718
0.273888,-0.187625,-0.943283,0.377743
0.000000,0.000000,0.000000,1.000000

-0.958886,-0.129066,-0.252746,0.008158
-0.074324,0.973724,-0.215260,-0.055531
0.273888,-0.187625,-0.943283,0.377848
0.000000,0.000000,0.000000,1.000000

-0.958886,-0.129066,-0.252746,0.008866
-0.074324,0.973724,-0.215260,-0.055343
0.273888,-0.187625,-0.943283,0.377971
0.000000,0.000000,0.000000,1.000000

-0.958886,-0.129066,-0.252746,0.009575
-0.074324,0.973724,-0.215260,-0.055154
0.273888,-0.187625,-0.943283,0.378111
0.000000,0.000000,0.000000,1.000000

-0.958886,-0.129066,-0.252746,0.010286
-0.074324,0.973724,-0.215260,-0.054965
0.273888,-0.187625,-0.943283,0.378269
0.000000,0.000000,0.000000,1.000000

-0.958886,-0.129066,-0.252746,0.010997
-0.074324,0.973724,-0.215260,-0.054774
0.273888,-0.187625,-0.943283,0.378445
0.000000,0.000000,0.000000,1.000000

-0.958886,-0.129066,-0.252746,0.011709
-0.074324,0.973724,-0.215260,-0.054583
0.273888,-0.187625,-0.943283,0.378640
0.000000,0.000000,0.000000,1.000000

-0.958886,-0.129066,-0.252746,0.012422
-0.074324,0.973724,-0.215260,-0.054391
0.273888,-0.187625,-0.943283,0.378852
0.000000,0.000000,0.000000,1.000000

-0.958886,-0.129066,-0.252746,0.013136
-0.074324,0.973724,-0.215260,-0.054197
0.273888,-0.187625,-0.943283,0.379083
0.000000,0.000000,0.000000,1.000000

-0.958886,-0.129066,-0.252746,0.013851
-0.074324,0.973724,-0.215260,-0.054003
0.273888,-0.187625,-0.943283,0.379332
0.000000,0.000000,0.000000,1.000000

-0.958886,-0.129066,-0.252746,0.014567
-0.074324,0.973724,-0.215260,-0.053809
0.273888,-0.187625,-0.943283,0.379599
0.000000,0.000000,0.000000,1.000000

-0.958886,-0.129066,-0.252746,0.015283
-0.074324,0.973724,-0.215260,-0.053613
0.273888,-0.187625,-0.943283,0.379886
0.000000,0.000000,0.000000,1.000000

-0.958886,-0.129066,-0.252746,0.016000
-0.074324,0.973724,-0.215260,-0.053416
0.273888,-0.187625,-0.943283,0.380191
0.000000,0.000000,0.000000,1.000000

-0.958886,-0.129066,-0.252746,0.016718
-0.074324,0.973724,-0.215260,-0.053219
0.273888,-0.187625,-0.943283,0.380515
0.000000,0.000000,0.000000,1.000000

-0.958886,-0.129066,-0.252746,0.017437
-0.074324,0.973724,-0.215260,-0.053020
0.273888,-0.187625,-0.943283,0.380858
0.000000,0.000000,0.000000,1.000000

-0.958886,-0.129066,-0.252746,0.018156
-0.074324,0.973724,-0.215260,-0.052821
0.273888,-0.187625,-0.943283,0.381220
0.000000,0.000000,0.000000,1.000000

-0.958886,-0.129066,-0.252746,0.018877
-0.074324,0.973724,-0.215260,-0.052621
0.273888,-0.187625,-0.943283,0.381601
0.000000,0.000000,0.000000,1.000000

-0.958886,-0.129066,-0.252746,0.019597
-0.074324,0.973724,-0.215260,-0.052419
0.273888,-0.187625,-0.943283,0.382002
0.000000,0.000000,0.000000,1.000000

-0.958886,-0.129066,-0.252746,0.020319
-0.074324,0.973724,-0.215260,-0.052217
0.273888,-0.187625,-0.943283,0.382423
0.000000,0.000000,0.000000,1.000000

-0.958886,-0.129066,-0.252746,0.021041
-0.074324,0.973724,-0.215260,-0.052014
0.273888,-0.187625,-0.943283,0.382863
0.000000,0.000000,0.000000,1.000000

-0.958886,-0.129066,-0.252746,0.021763
-0.074324,0.973724,-0.215260,-0.051810
0.273888,-0.187625,-0.943283,0.383323
0.000000,0.000000,0.000000,1.000000

-0.958886,-0.129066,-0.252746,0.022487
-0.074324,0.973724,-0.215260,-0.051605
0.273888,-0.187625,-0.943283,0.383803
0.000000,0.000000,0.000000,1.000000

-0.958886,-0.129066,-0.252746,0.023210
-0.074324,0.973724,-0.215260,-0.051399
0.273888,-0.187625,-0.943283,0.384302
0.000000,0.000000,0.000000,1.000000

-0.958886,-0.129066,-0.252746,0.023935
-0.074324,0.973724,-0.215260,-0.051193
0.273888,-0.187625,-0.943283,0.384822
0.000000,0.000000,0.000000,1.000000

-0.958886,-0.129066,-0.252746,0.024659
-0.074324,0.973724,-0.215260,-0.050985
0.273888,-0.187625,-0.943283,0.385363
0.000000,0.000000,0.000000,1.000000

-0.958886,-0.129066,-0.252746,0.025385
-0.074324,0.973724,-0.215260,-0.050776
0.273888,-0.187625,-0.943283,0.385924
0.000000,0.000000,0.000000,1.000000

-0.958886,-0.129066,-0.252746,0.026110
-0.074324,0.973724,-0.215260,-0.050566
0.273888,-0.187625,-0.943283,0.386505
0.000000,0.000000,0.000000,1.000000

-0.958886,-0.129066,-0.252746,0.026836
-0.074324,0.973724,-0.215260,-0.050356
0.273888,-0.187625,-0.943283,0.387107
0.000000,0.000000,0.000000,1.000000

-0.958886,-0.129066,-0.252746,0.027563
-0.074324,0.973724,-0.215260,-0.050144
0.273888,-0.187625,-0.943283,0.387730
0.000000,0.000000,0.000000,1.000000

-0.958886,-0.129066,-0.252746,0.028289
-0.074324,0.973724,-0.215260,-0.049932
0.273888,-0.187625,-0.943283,0.388373
0.000000,0.000000,0.000000,1.000000

-0.958886,-0.129066,-0.252746,0.029017
-0.074324,0.973724,-0.215260,-0.049718
0.273888,-0.187625,-0.943283,0.389038
0.000000,0.000000,0.000000,1.000000

-0.958886,-0.129066,-0.252746,0.029744
-0.074324,0.973724,-0.215260,-0.049504
0.273888,-0.187625,-0.943283,0.389724
0.000000,0.000000,0.000000,1.000000

-0.958886,-0.129066,-0.252746,0.030472
-0.074324,0.973724,-0.215260,-0.049288
0.273888,-0.187625,-0.943283,0.390430
0.000000,0.000000,0.000000,1.000000

-0.958886,-0.129066,-0.252746,0.031200
-0.074324,0.973724,-0.215260,-0.049072
0.273888,-0.187625,-0.943283,0.391157
0.000000,0.000000,0.000000,1.000000

-0.958886,-0.129066,-0.252746,0.031928
-0.074324,0.973724,-0.215260,-0.048854
0.273888,-0.187625,-0.943283,0.391904
0.000000,0.000000,0.000000,1.000000

-0.958886,-0.129066,-0.252746,0.032656
-0.074324,0.973724,-0.215260,-0.048636
0.273888,-0.187625,-0.943283,0.392671
0.000000,0.000000,0.000000,1.000000

-0.958886,-0.129066,-0.252746,0.033384
-0.074324,0.973724,-0.215260,-0.048417
0.273888,-0.187625,-0.943283,0.393457
0.000000,0.000000,0.000000,1.000000

-0.958886,-0.129066,-0.252746,0.034112
-0.074324,0.973724,-0.215260,-0.048197
0.273888,-0.187625,-0.943283,0.394263
0.000000,0.000000,0.000000,1.000000

-0.958886,-0.129066,-0.252746,0.034840
-0.074324,0.973724,-0.215260,-0.047976
0.273888,-0.187625,-0.943283,0.395088
0.000000,0.000000,0.000000,1.000000

-0.958886,-0.129066,-0.252746,0.035569
-0.074324,0.973724,-0.215260,-0.047754
0.273888,-0.187625,-0.943283,0.395931
0.000000,0.000000,0.000000,1.000000

-0.958886,-0.129066,-0.252746,0.036297
-0.074324,0.973724,-0.215260,-0.047531
0.273888,-0.187625,-0.943283,0.396794
0.000000,0.000000,0.000000,1.000000

-0.958886,-0.129066,-0.252746,0.037024
-0.074324,0.973724,-0.215260,-0.047308
0.273888,-0.187625,-0.943283,0.397674
0.000000,0.000000,0.000000,1.000000

-0.958886,-0.129066,-0.252746,0.037752
-0.074324,0.973724,-0.215260,-0.047083
0.273888,-0.187625,-0.943283,0.398572
0.000000,0.000000,0.000000,1.000000

-0.958886,-0.129066,-0.252746,0.038479
-0.074324,0.973724,-0.215260,-0.046858
0.273888,-0.187625,-0.943283,0.399488
0.000000,0.000000,0.000000,1.000000

-0.958886,-0.129066,-0.252746,0.039206
-0.074324,0.973724,-0.215260,-0.046632
0.273888,-0.187625,-0.943283,0.400422
0.000000,0.000000,0.000000,1.000000

-0.958886,-0.129066,-0.252746,0.039932
-0.074324,0.973724,-0.215260,-0.046405
0.273888,-0.187625,-0.943283,0.401372
0.000000,0.000000,0.000000,1.000000

-0.958886,-0.129066,-0.252746,0.040658
-0.074324,0.973724,-0.215260,-0.046178
0.273888,-0.187625,-0.943283,0.402340
0.000000,0.000000,0.000000,1.000000

-0.958886,-0.129066,-0.252746,0.041384
-0.074324,0.973724,-0.215260,-0.045950
0.273888,-0.187625,-0.943283,0.403324
0.000000,0.000000,0.000000,1.000000

-0.958886,-0.129066,-0.252746,0.042109
-0.074324,0.973724,-0.215260,-0.045721
0.273888,-0.187625,-0.943283,0.404324
0.000000,0.000000,0.000000,1.000000

-0.958886,-0.129066,-0.252746,0.042833
-0.074324,0.973724,-0.215260,-0.045491
0.273888,-0.187625,-0.943283,0.405341
0.000000,0.000000,0.000000,1.000000

-0.958886,-0.129066,-0.252746,0.043557
-0.074324,0.973724,-0.215260,-0.045261
0.273888,-0.187625,-0.943283,0.406373
0.000000,0.000000,0.000000,1.000000

-0.958886,-0.129066,-0.252746,0.044280
-0.074324,0.973724,-0.215260,-0.045030
0.273888,-0.187625,-0.943283,0.407421
0.000000,0.000000,0.000000,1.000000

-0.958886,-0.129066,-0.252746,0.045003
-0.074324,0.973724,-0.215260,-0.044798
0.273888,-0.187625,-0.943283,0.408484
0.000000,0.000000,0.000000,1.000000

-0.958886,-0.129066,-0.252746,0.045724
-0.074324,0.973724,-0.215260,-0.044566
0.273888,-0.187625,-0.943283,0.409562
0.000000,0.000000,0.000000,1.000000

-0.958886,-0.129066,-0.252746,0.046445
-0.074324,0.973724,-0.215260,-0.044333
0.273888,-0.187625,-0.943283,0.410654
0.000000,0.000000,0.000000,1.000000

-0.958886,-0.129066,-0.252746,0.047165
-0.074324,0.973724,-0.215260,-0.044099
0.273888,-0.187625,-0.943283,0.411761
0.000000,0.000000,0.000000,1.000000

-0.958886,-0.129066,-0.252746,0.047884
-0.074324,0.973724,-0.215260,-0.043865
0.273888,-0.187625,-0.943283,0.412883
0.000000,0.000000,0.000000,1.000000

-0.958886,-0.129066,-0.252746,0.048602
-0.074324,0.973724,-0.215260,-0.043630
0.273888,-0.187625,-0.943283,0.414018
0.000000,0.000000,0.000000,1.000000

-0.958886,-0.129066,-0.252746,0.049319
-0.074324,0.973724,-0.215260,-0.043395
0.273888,-0.187625,-0.943283,0.415166
0.000000,0.000000,0.000000,1.000000

-0.958886,-0.129066,-0.252746,0.050035
-0.074324,0.973724,-0.215260,-0.043159
0.273888,-0.187625,-0.943283,0.416328
0.000000,0.000000,0.000000,1.000000

-0.958886,-0.129066,-0.252746,0.050750
-0.074324,0.973724,-0.215260,-0.042922
0.273888,-0.187625,-0.943283,0.417503
0.000000,0.000000,0.000000,1.000000

-0.958886,-0.129066,-0.252746,0.051463
-0.074324,0.973724,-0.215260,-0.042685
0.273888,-0.187625,-0.943283,0.418691
0.000000,0.000000,0.000000,1.000000

-0.958886,-0.129066,-0.252746,0.052175
-0.074324,0.973724,-0.215260,-0.042447
0.273888,-0.187625,-0.943283,0.419891
0.000000,0.000000,0.000000,1.000000

-0.958886,-0.129066,-0.252746,0.052886
-0.074324,0.973724,-0.215260,-0.042209
0.273888,-0.187625,-0.943283,0.421104
0.000000,0.000000,0.000000,1.000000

-0.958886,-0.129066,-0.252746,0.053596
-0.074324,0.973724,-0.215260,-0.041971
0.273888,-0.187625,-0.943283,0.422328
0.000000,0.000000,0.000000,1.000000

-0.958886,-0.129066,-0.252746,0.054305
-0.074324,0.973724,-0.215260,-0.041731
0.273888,-0.187625,-0.943283,0.423564
0.000000,0.000000,0.000000,1.000000

-0.958886,-0.129066,-0.252746,0.055011
-0.074324,0.973724,-0.215260,-0.041492
0.273888,-0.187625,-0.943283,0.424812
0.000000,0.000000,0.000000,1.000000

-0.958886,-0.129066,-0.252746,0.055717
-0.074324,0.973724,-0.215260,-0.041252
0.273888,-0.187625,-0.943283,0.426070
0.000000,0.000000,0.000000,1.000000

-0.958886,-0.129066,-0.252746,0.056421
-0.074324,0.973724,-0.215260,-0.041011
0.273888,-0.187625,-0.943283,0.427340
0.000000,0.000000,0.000000,1.000000

-0.958886,-0.129066,-0.252746,0.057123
-0.074324,0.973724,-0.215260,-0.040770
0.273888,-0.187625,-0.943283,0.428620
0.000000,0.000000,0.000000,1.000000

-0.958886,-0.129066,-0.252746,0.057824
-0.074324,0.973724,-0.215260,-0.040529
0.273888,-0.187625,-0.943283,0.429910
0.000000,0.000000,0.000000,1.000000

-0.958886,-0.129066,-0.252746,0.058523
-0.074324,0.973724,-0.215260,-0.040287
0.273888,-0.187625,-0.943283,0.431210
0.000000,0.000000,0.000000,1.000000

-0.958886,-0.129066,-0.252746,0.059220
-0.074324,0.973724,-0.215260,-0.040045
0.273888,-0.187625,-0.943283,0.432521
0.000000,0.000000,0.000000,1.000000

-0.958886,-0.129066,-0.252746,0.059916
-0.074324,0.973724,-0.215260,-0.039803
0.273888,-0.187625,-0.943283,0.433840
0.000000,0.000000,0.000000,1.000000

-0.958886,-0.129066,-0.252746,0.060609
-0.074324,0.973724,-0.215260,-0.039560
0.273888,-0.187625,-0.943283,0.435169
0.000000,0.000000,0.000000,1.000000

-0.958886,-0.129066,-0.252746,0.061301
-0.074324,0.973724,-0.215260,-0.039317
0.273888,-0.187625,-0.943283,0.436507
0.000000,0.000000,0.000000,1.000000

-0.958886,-0.129066,-0.252746,0.061991
-0.074324,0.973724,-0.215260,-0.039073
0.273888,-0.187625,-0.943283,0.437853
0.000000,0.000000,0.000000,1.000000

-0.958886,-0.129066,-0.252746,0.062679
-0.074324,0.973724,-0.215260,-0.038830
0.273888,-0.187625,-0.943283,0.439208
0.000000,0.000000,0.000000,1.000000

-0.958886,-0.129066,-0.252746,0.063365
-0.074324,0.973724,-0.215260,-0.038585
0.273888,-0.187625,-0.943283,0.440571
0.000000,0.000000,0.000000,1.000000

-0.958886,-0.129066,-0.252746,0.064049
-0.074324,0.973724,-0.215260,-0.038341
0.273888,-0.187625,-0.943283,0.441942
0.000000,0.000000,0.000000,1.000000

-0.958886,-0.129066,-0.252746,0.064731
-0.074324,0.973724,-0.215260,-0.038096
0.273888,-0.187625,-0.943283,0.443321
0.000000,0.000000,0.000000,1.000000

-0.958886,-0.129066,-0.252746,0.065410
-0.074324,0.973724,-0.215260,-0.037852
0.273888,-0.187625,-0.943283,0.444706
0.000000,0.000000,0.000000,1.000000

-0.958886,-0.129066,-0.252746,0.066088
-0.074324,0.973724,-0.215260,-0.037606
0.273888,-0.187625,-0.943283,0.446099
0.000000,0.000000,0.000000,1.000000

-0.958886,-0.129066,-0.252746,0.066763
-0.074324,0.973724,-0.215260,-0.037361
0.273888,-0.187625,-0.943283,0.447499
0.000000,0.000000,0.000000,1.000000

-0.958886,-0.129066,-0.252746,0.067436
-0.074324,0.973724,-0.215260,-0.037116
0.273888,-0.187625,-0.943283,0.448904
0.000000,0.000000,0.000000,1.000000

-0.958886,-0.129066,-0.252746,0.068106
-0.074324,0.973724,-0.215260,-0.036870
0.273888,-0.187625,-0.943283,0.450317
0.000000,0.000000,0.000000,1.000000

-0.958886,-0.129066,-0.252746,0.068774
-0.074324,0.973724,-0.215260,-0.036624
0.273888,-0.187625,-0.943283,0.451735
0.000000,0.000000,0.000000,1.000000

-0.958886,-0.129066,-0.252746,0.069440
-0.074324,0.973724,-0.215260,-0.036378
0.273888,-0.187625,-0.943283,0.453159
0.000000,0.000000,0.000000,1.000000

-0.958886,-0.129066,-0.252746,0.070103
-0.074324,0.973724,-0.215260,-0.036132
0.273888,-0.187625,-0.943283,0.454588
0.000000,0.000000,0.000000,1.000000

-0.958886,-0.129066,-0.252746,0.070763
-0.074324,0.973724,-0.215260,-0.035885
0.273888,-0.187625,-0.943283,0.456022
0.000000,0.000000,0.000000,1.000000

-0.958886,-0.129066,-0.252746,0.071421
-0.074324,0.973724,-0.215260,-0.035639
0.273888,-0.187625,-0.943283,0.457461
0.000000,0.000000,0.000000,1.000000

-0.958886,-0.129066,-0.252746,0.072076
-0.074324,0.973724,-0.215260,-0.035392
0.273888,-0.187625,-0.943283,0.458905
0.000000,0.000000,0.000000,1.000000

-0.958886,-0.129066,-0.252746,0.072729
-0.074324,0.973724,-0.215260,-0.035145
0.273888,-0.187625,-0.943283,0.460353
0.000000,0.000000,0.000000,1.000000

-0.958886,-0.129066,-0.252746,0.073378
-0.074324,0.973724,-0.215260,-0.034899
0.273888,-0.187625,-0.943283,0.461805
0.000000,0.000000,0.000000,1.000000

-0.958886,-0.129066,-0.252746,0.074025
-0.074324,0.973724,-0.215260,-0.034652
0.273888,-0.187625,-0.943283,0.463261
0.000000,0.000000,0.000000,1.000000

-0.958886,-0.129066,-0.252746,0.074669
-0.074324,0.973724,-0.215260,-0.034405
0.273888,-0.187625,-0.943283,0.464720
0.000000,0.000000,0.000000,1.000000

-0.958886,-0.129066,-0.252746,0.075310
-0.074324,0.973724,-0.215260,-0.034158
0.273888,-0.187625,-0.943283,0.466182
0.000000,0.000000,0.000000,1.000000

-0.958886,-0.129066,-0.252746,0.075949
-0.074324,0.973724,-0.215260,-0.033911
0.273888,-0.187625,-0.943283,0.467648
0.000000,0.000000,0.000000,1.000000

-0.958886,-0.129066,-0.252746,0.076584
-0.074324,0.973724,-0.215260,-0.033664
0.273888,-0.187625,-0.943283,0.469116
0.000000,0.000000,0.000000,1.000000

-0.958886,-0.129066,-0.252746,0.077216
-0.074324,0.973724,-0.215260,-0.033417
0.273888,-0.187625,-0.943283,0.470586
0.000000,0.000000,0.000000,1.000000

-0.958886,-0.129066,-0.252746,0.077845
-0.074324,0.973724,-0.215260,-0.033170
0.273888,-0.187625,-0.943283,0.472058
0.000000,0.000000,0.000000,1.000000

-0.958886,-0.129066,-0.252746,0.078471
-0.074324,0.973724,-0.215260,-0.032923
0.273888,-0.187625,-0.943283,0.473533
0.000000,0.000000,0.000000,1.000000

-0.958886,-0.129066,-0.252746,0.079093
-0.074324,0.973724,-0.215260,-0.032677
0.273888,-0.187625,-0.943283,0.475009
0.000000,0.000000,0.000000,1.000000

-0.958886,-0.129066,-0.252746,0.079713
-0.074324,0.973724,-0.215260,-0.032430
0.273888,-0.187625,-0.943283,0.476486
0.000000,0.000000,0.000000,1.000000

-0.958886,-0.129066,-0.252746,0.080329
-0.074324,0.973724,-0.215260,-0.032183
0.273888,-0.187625,-0.943283,0.477964
0.000000,0.000000,0.000000,1.000000

-0.958886,-0.129066,-0.252746,0.080942
-0.074324,0.973724,-0.215260,-0.031937
0.273888,-0.187625,-0.943283,0.479443
0.000000,0.000000,0.000000,1.000000

-0.958886,-0.129066,-0.252746,0.081551
-0.074324,0.973724,-0.215260,-0.031690
0.273888,-0.187625,-0.943283,0.480922
0.000000,0.000000,0.000000,1.000000

-0.958886,-0.129066,-0.252746,0.082157
-0.074324,0.973724,-0.215260,-0.031444
0.273888,-0.187625,-0.943283,0.482402
0.000000,0.000000,0.000000,1.000000

-0.958886,-0.129066,-0.252746,0.082759
-0.074324,0.973724,-0.215260,-0.031198
0.273888,-0.187625,-0.943283,0.483881
0.000000,0.000000,0.000000,1.000000

-0.958886,-0.129066,-0.252746,0.083358
-0.074324,0.973724,-0.215260,-0.030951
0.273888,-0.187625,-0.943283,0.485360
0.000000,0.000000,0.000000,1.000000

-0.958886,-0.129066,-0.252746,0.083953
-0.074324,0.973724,-0.215260,-0.030706
0.273888,-0.187625,-0.943283,0.486839
0.000000,0.000000,0.000000,1.000000

-0.958886,-0.129066,-0.252746,0.084545
-0.074324,0.973724,-0.215260,-0.030460
0.273888,-0.187625,-0.943283,0.488317
0.000000,0.000000,0.000000,1.000000

-0.958886,-0.129066,-0.252746,0.085133
-0.074324,0.973724,-0.215260,-0.030214
0.273888,-0.187625,-0.943283,0.489793
0.000000,0.000000,0.000000,1.000000

-0.958886,-0.129066,-0.252746,0.085717
-0.074324,0.973724,-0.215260,-0.029969
0.273888,-0.187625,-0.943283,0.491268
0.000000,0.000000,0.000000,1.000000

-0.958886,-0.129066,-0.252746,0.086297
-0.074324,0.973724,-0.215260,-0.029724
0.273888,-0.187625,-0.943283,0.492741
0.000000,0.000000,0.000000,1.000000

-0.958886,-0.129066,-0.252746,0.086874
-0.074324,0.973724,-0.215260,-0.029479
0.273888,-0.187625,-0.943283,0.494212
0.000000,0.000000,0.000000,1.000000

-0.958886,-0.129066,-0.252746,0.087446
-0.074324,0.973724,-0.215260,-0.029235
0.273888,-0.187625,-0.943283,0.495681
0.000000,0.000000,0.000000,1.000000

-0.958886,-0.129066,-0.252746,0.088015
-0.074324,0.973724,-0.215260,-0.028990
0.273888,-0.187625,-0.943283,0.497148
0.000000,0.000000,0.000000,1.000000

-0.958886,-0.129066,-0.252746,0.088579
-0.074324,0.973724,-0.215260,-0.028746
0.273888,-0.187625,-0.943283,0.498611
0.000000,0.000000,0.000000,1.000000

-0.958886,-0.129066,-0.252746,0.089140
-0.074324,0.973724,-0.215260,-0.028503
0.273888,-0.187625,-0.943283,0.500072
0.000000,0.000000,0.000000,1.000000

-0.958886,-0.129066,-0.252746,0.089697
-0.074324,0.973724,-0.215260,-0.028259
0.273888,-0.187625,-0.943283,0.501529
0.000000,0.000000,0.000000,1.000000

-0.958886,-0.129066,-0.252746,0.090249
-0.074324,0.973724,-0.215260,-0.028016
0.273888,-0.187625,-0.943283,0.502983
0.000000,0.000000,0.000000,1.000000

-0.958886,-0.129066,-0.252746,0.090797
-0.074324,0.973724,-0.215260,-0.027774
0.273888,-0.187625,-0.943283,0.504432
0.000000,0.000000,0.000000,1.000000

-0.958886,-0.129066,-0.252746,0.091341
-0.074324,0.973724,-0.215260,-0.027531
0.273888,-0.187625,-0.943283,0.505878
0.000000,0.000000,0.000000,1.000000

-0.958886,-0.129066,-0.252746,0.091881
-0.074324,0.973724,-0.215260,-0.027289
0.273888,-0.187625,-0.943283,0.507319
0.000000,0.000000,0.000000,1.000000

-0.958886,-0.129066,-0.252746,0.092416
-0.074324,0.973724,-0.215260,-0.027048
0.273888,-0.187625,-0.943283,0.508755
0.000000,0.000000,0.000000,1.000000

-0.958886,-0.129066,-0.252746,0.092947
-0.074324,0.973724,-0.215260,-0.026806
0.273888,-0.187625,-0.943283,0.510186
0.000000,0.000000,0.000000,1.000000

-0.958886,-0.129066,-0.252746,0.093473
-0.074324,0.973724,-0.215260,-0.026566
0.273888,-0.187625,-0.943283,0.511612
0.000000,0.000000,0.000000,1.000000

-0.958886,-0.129066,-0.252746,0.093995
-0.074324,0.973724,-0.215260,-0.026325
0.273888,-0.187625,-0.943283,0.513033
0.000000,0.000000,0.000000,1.000000

-0.958886,-0.129066,-0.252746,0.094513
-0.074324,0.973724,-0.215260,-0.026085
0.273888,-0.187625,-0.943283,0.514447
0.000000,0.000000,0.000000,1.000000

-0.958886,-0.129066,-0.252746,0.095025
-0.074324,0.973724,-0.215260,-0.025846
0.273888,-0.187625,-0.943283,0.515856
0.000000,0.000000,0.000000,1.000000

-0.958886,-0.129066,-0.252746,0.095534
-0.074324,0.973724,-0.215260,-0.025607
0.273888,-0.187625,-0.943283,0.517258
0.000000,0.000000,0.000000,1.000000

-0.958886,-0.129066,-0.252746,0.096037
-0.074324,0.973724,-0.215260,-0.025368
0.273888,-0.187625,-0.943283,0.518653
0.000000,0.000000,0.000000,1.000000

-0.958886,-0.129066,-0.252746,0.096536
-0.074324,0.973724,-0.215260,-0.025130
0.273888,-0.187625,-0.943283,0.520042
0.000000,0.000000,0.000000,1.000000

-0.958886,-0.129066,-0.252746,0.097030
-0.074324,0.973724,-0.215260,-0.024893
0.273888,-0.187625,-0.943283,0.521423
0.000000,0.000000,0.000000,1.000000

-0.958886,-0.129066,-0.252746,0.097519
-0.074324,0.973724,-0.215260,-0.024656
0.273888,-0.187625,-0.943283,0.522797
0.000000,0.000000,0.000000,1.000000

-0.958886,-0.129066,-0.252746,0.098003
-0.074324,0.973724,-0.215260,-0.024420
0.273888,-0.187625,-0.943283,0.524163
0.000000,0.000000,0.000000,1.000000

-0.958886,-0.129066,-0.252746,0.098483
-0.074324,0.973724,-0.215260,-0.024184
0.273888,-0.187625,-0.943283,0.525521
0.000000,0.000000,0.000000,1.000000

-0.958886,-0.129066,-0.252746,0.098957
-0.074324,0.973724,-0.215260,-0.023948
0.273888,-0.187625,-0.943283,0.526871
0.000000,0.000000,0.000000,1.000000

-0.958886,-0.129066,-0.252746,0.099426
-0.074324,0.973724,-0.215260,-0.023714
0.273888,-0.187625,-0.943283,0.528213
0.000000,0.000000,0.000000,1.000000

-0.958886,-0.129066,-0.252746,0.099890
-0.074324,0.973724,-0.215260,-0.023480
0.273888,-0.187625,-0.943283,0.529545
0.000000,0.000000,0.000000,1.000000

-0.958886,-0.129066,-0.252746,0.100350
-0.074324,0.973724,-0.215260,-0.023246
0.273888,-0.187625,-0.943283,0.530868
0.000000,0.000000,0.000000,1.000000

-0.958886,-0.129066,-0.252746,0.100803
-0.074324,0.973724,-0.215260,-0.023013
0.273888,-0.187625,-0.943283,0.532182
0.000000,0.000000,0.000000,1.000000

-0.958886,-0.129066,-0.252746,0.101252
-0.074324,0.973724,-0.215260,-0.022781
0.273888,-0.187625,-0.943283,0.533487
0.000000,0.000000,0.000000,1.000000

-0.958886,-0.129066,-0.252746,0.101695
-0.074324,0.973724,-0.215260,-0.022550
0.273888,-0.187625,-0.943283,0.534781
0.000000,0.000000,0.000000,1.000000

-0.958886,-0.129066,-0.252746,0.102134
-0.074324,0.973724,-0.215260,-0.022319
0.273888,-0.187625,-0.943283,0.536065
0.000000,0.000000,0.000000,1.000000

-0.958886,-0.129066,-0.252746,0.102566
-0.074324,0.973724,-0.215260,-0.022089
0.273888,-0.187625,-0.943283,0.537339
0.000000,0.000000,0.000000,1.000000

-0.958886,-0.129066,-0.252746,0.102993
-0.074324,0.973724,-0.215260,-0.021859
0.273888,-0.187625,-0.943283,0.538602
0.000000,0.000000,0.000000,1.000000

-0.958886,-0.129066,-0.252746,0.103415
-0.074324,0.973724,-0.215260,-0.021631
0.273888,-0.187625,-0.943283,0.539854
0.000000,0.000000,0.000000,1.000000

-0.958886,-0.129066,-0.252746,0.103832
-0.074324,0.973724,-0.215260,-0.021403
0.273888,-0.187625,-0.943283,0.541095
0.000000,0.000000,0.000000,1.000000

-0.958886,-0.129066,-0.252746,0.104242
-0.074324,0.973724,-0.215260,-0.021175
0.273888,-0.187625,-0.943283,0.542324
0.000000,0.000000,0.000000,1.000000

-0.958886,-0.129066,-0.252746,0.104647
-0.074324,0.973724,-0.215260,-0.020949
0.273888,-0.187625,-0.943283,0.543541
0.000000,0.000000,0.000000,1.000000

-0.958886,-0.129066,-0.252746,0.105047
-0.074324,0.973724,-0.215260,-0.020723
0.273888,-0.187625,-0.943283,0.544746
0.000000,0.000000,0.000000,1.000000

-0.958886,-0.129066,-0.252746,0.105440
-0.074324,0.973724,-0.215260,-0.020498
0.273888,-0.187625,-0.943283,0.545939
0.000000,0.000000,0.000000,1.000000

-0.958886,-0.129066,-0.252746,0.105828
-0.074324,0.973724,-0.215260,-0.020274
0.273888,-0.187625,-0.943283,0.547119
0.000000,0.000000,0.000000,1.000000

-0.958886,-0.129066,-0.252746,0.106210
-0.074324,0.973724,-0.215260,-0.020051
0.273888,-0.187625,-0.943283,0.548286
0.000000,0.000000,0.000000,1.000000

-0.958886,-0.129066,-0.252746,0.106586
-0.074324,0.973724,-0.215260,-0.019829
0.273888,-0.187625,-0.943283,0.549440
0.000000,0.000000,0.000000,1.000000

-0.958886,-0.129066,-0.252746,0.106957
-0.074324,0.973724,-0.215260,-0.019607
0.273888,-0.187625,-0.943283,0.550581
0.000000,0.000000,0.000000,1.000000

-0.958886,-0.129066,-0.252746,0.107321
-0.074324,0.973724,-0.215260,-0.019386
0.273888,-0.187625,-0.943283,0.551708
0.000000,0.000000,0.000000,1.000000

-0.958886,-0.129066,-0.252746,0.107679
-0.074324,0.973724,-0.215260,-0.019166
0.273888,-0.187625,-0.943283,0.552820
0.000000,0.000000,0.000000,1.000000

-0.958886,-0.129066,-0.252746,0.108031
-0.074324,0.973724,-0.215260,-0.018947
0.273888,-0.187625,-0.943283,0.553919
0.000000,0.000000,0.000000,1.000000

-0.958886,-0.129066,-0.252746,0.108377
-0.074324,0.973724,-0.215260,-0.018729
0.273888,-0.187625,-0.943283,0.555003
0.000000,0.000000,0.000000,1.000000

-0.958886,-0.129066,-0.252746,0.108717
-0.074324,0.973724,-0.215260,-0.018512
0.273888,-0.187625,-0.943283,0.556071
0.000000,0.000000,0.000000,1.000000

-0.958886,-0.129066,-0.252746,0.109051
-0.074324,0.973724,-0.215260,-0.018296
0.273888,-0.187625,-0.943283,0.557125
0.000000,0.000000,0.000000,1.000000

-0.958886,-0.129066,-0.252746,0.109378
-0.074324,0.973724,-0.215260,-0.018081
0.273888,-0.187625,-0.943283,0.558164
0.000000,0.000000,0.000000,1.000000

-0.958886,-0.129066,-0.252746,0.109699
-0.074324,0.973724,-0.215260,-0.017867
0.273888,-0.187625,-0.943283,0.559187
0.000000,0.000000,0.000000,1.000000

-0.958886,-0.129066,-0.252746,0.110014
-0.074324,0.973724,-0.215260,-0.017653
0.273888,-0.187625,-0.943283,0.560193
0.000000,0.000000,0.000000,1.000000

-0.958886,-0.129066,-0.252746,0.110322
-0.074324,0.973724,-0.215260,-0.017441
0.273888,-0.187625,-0.943283,0.561184
0.000000,0.000000,0.000000,1.000000

-0.958886,-0.129066,-0.252746,0.110624
-0.074324,0.973724,-0.215260,-0.017230
0.273888,-0.187625,-0.943283,0.562158
0.000000,0.000000,0.000000,1.000000

-0.958886,-0.129066,-0.252746,0.110919
-0.074324,0.973724,-0.215260,-0.017020
0.273888,-0.187625,-0.943283,0.563116
0.000000,0.000000,0.000000,1.000000

-0.958886,-0.129066,-0.252746,0.111208
-0.074324,0.973724,-0.215260,-0.016810
0.273888,-0.187625,-0.943283,0.564056
0.000000,0.000000,0.000000,1.000000

-0.958886,-0.129066,-0.252746,0.111490
-0.074324,0.973724,-0.215260,-0.016602
0.273888,-0.187625,-0.943283,0.564979
0.000000,0.000000,0.000000,1.000000

-0.958886,-0.129066,-0.252746,0.111766
-0.074324,0.973724,-0.215260,-0.016395
0.273888,-0.187625,-0.943283,0.565884
0.000000,0.000000,0.000000,1.000000

-0.958886,-0.129066,-0.252746,0.112035
-0.074324,0.973724,-0.215260,-0.016189
0.273888,-0.187625,-0.943283,0.566772
0.000000,0.000000,0.000000,1.000000

-0.958886,-0.129066,-0.252746,0.112297
-0.074324,0.973724,-0.215260,-0.015984
0.273888,-0.187625,-0.943283,0.567642
0.000000,0.000000,0.000000,1.000000

-0.958886,-0.129066,-0.252746,0.112552
-0.074324,0.973724,-0.215260,-0.015780
0.273888,-0.187625,-0.943283,0.568493
0.000000,0.000000,0.000000,1.000000

-0.958886,-0.129066,-0.252746,0.112800
-0.074324,0.973724,-0.215260,-0.015578
0.273888,-0.187625,-0.943283,0.569325
0.000000,0.000000,0.000000,1.000000

-0.958886,-0.129066,-0.252746,0.113041
-0.074324,0.973724,-0.215260,-0.015376
0.273888,-0.187625,-0.943283,0.570138
0.000000,0.000000,0.000000,1.000000

-0.958886,-0.129066,-0.252746,0.113276
-0.074324,0.973724,-0.215260,-0.015176
0.273888,-0.187625,-0.943283,0.570933
0.000000,0.000000,0.000000,1.000000

-0.958886,-0.129066,-0.252746,0.113503
-0.074324,0.973724,-0.215260,-0.014977
0.273888,-0.187625,-0.943283,0.571707
0.000000,0.000000,0.000000,1.000000

-0.958886,-0.129066,-0.252746,0.113724
-0.074324,0.973724,-0.215260,-0.014779
0.273888,-0.187625,-0.943283,0.572462
0.000000,0.000000,0.000000,1.000000

-0.958886,-0.129066,-0.252746,0.113937
-0.074324,0.973724,-0.215260,-0.014582
0.273888,-0.187625,-0.943283,0.573198
0.000000,0.000000,0.000000,1.000000

-0.958886,-0.129066,-0.252746,0.114143
-0.074324,0.973724,-0.215260,-0.014386
0.273888,-0.187625,-0.943283,0.573913
0.000000,0.000000,0.000000,1.000000

-0.958886,-0.129066,-0.252746,0.114343
-0.074324,0.973724,-0.215260,-0.014192
0.273888,-0.187625,-0.943283,0.574610
0.000000,0.000000,0.000000,1.000000

-0.958886,-0.129066,-0.252746,0.114536
-0.074324,0.973724,-0.215260,-0.013998
0.273888,-0.187625,-0.943283,0.575287
0.000000,0.000000,0.000000,1.000000

-0.958886,-0.129066,-0.252746,0.114722
-0.074324,0.973724,-0.215260,-0.013806
0.273888,-0.187625,-0.943283,0.575946
0.000000,0.000000,0.000000,1.000000

-0.958886,-0.129066,-0.252746,0.114901
-0.074324,0.973724,-0.215260,-0.013615
0.273888,-0.187625,-0.943283,0.576586
0.000000,0.000000,0.000000,1.000000

-0.958886,-0.129066,-0.252746,0.115074
-0.074324,0.973724,-0.215260,-0.013426
0.273888,-0.187625,-0.943283,0.577207
0.000000,0.000000,0.000000,1.000000

-0.958886,-0.129066,-0.252746,0.115240
-0.074324,0.973724,-0.215260,-0.013237
0.273888,-0.187625,-0.943283,0.577810
0.000000,0.000000,0.000000,1.000000

-0.958886,-0.129066,-0.252746,0.115400
-0.074324,0.973724,-0.215260,-0.013050
0.273888,-0.187625,-0.943283,0.578395
0.000000,0.000000,0.000000,1.000000

-0.958886,-0.129066,-0.252746,0.115554
-0.074324,0.973724,-0.215260,-0.012864
0.273888,-0.187625,-0.943283,0.578962
0.000000,0.000000,0.000000,1.000000

-0.958886,-0.129066,-0.252746,0.115701
-0.074324,0.973724,-0.215260,-0.012679
0.273888,-0.187625,-0.943283,0.579511
0.000000,0.000000,0.000000,1.000000

-0.958886,-0.129066,-0.252746,0.115842
-0.074324,0.973724,-0.215260,-0.012496
0.273888,-0.187625,-0.943283,0.580043
0.000000,0.000000,0.000000,1.000000

-0.958886,-0.129066,-0.252746,0.115977
-0.074324,0.973724,-0.215260,-0.012313
0.273888,-0.187625,-0.943283,0.580557
0.000000,0.000000,0.000000,1.000000

-0.958886,-0.129066,-0.252746,0.116106
-0.074324,0.973724,-0.215260,-0.012132
0.273888,-0.187625,-0.943283,0.581054
0.000000,0.000000,0.000000,1.000000

-0.958886,-0.129066,-0.252746,0.116229
-0.074324,0.973724,-0.215260,-0.011952
0.273888,-0.187625,-0.943283,0.581535
0.000000,0.000000,0.000000,1.000000

-0.958886,-0.129066,-0.252746,0.116346
-0.074324,0.973724,-0.215260,-0.011773
0.273888,-0.187625,-0.943283,0.581998
0.000000,0.000000,0.000000,1.000000

-0.958886,-0.129066,-0.252746,0.116457
-0.074324,0.973724,-0.215260,-0.011596
0.273888,-0.187625,-0.943283,0.582445
0.000000,0.000000,0.000000,1.000000

-0.958886,-0.129066,-0.252746,0.116563
-0.074324,0.973724,-0.215260,-0.011419
0.273888,-0.187625,-0.943283,0.582876
0.000000,0.000000,0.000000,1.000000

-0.958886,-0.129066,-0.252746,0.116663
-0.074324,0.973724,-0.215260,-0.011244
0.273888,-0.187625,-0.943283,0.583291
0.000000,0.000000,0.000000,1.000000

-0.958886,-0.129066,-0.252746,0.116757
-0.074324,0.973724,-0.215260,-0.011070
0.273888,-0.187625,-0.943283,0.583689
0.000000,0.000000,0.000000,1.000000

-0.958886,-0.129066,-0.252746,0.116846
-0.074324,0.973724,-0.215260,-0.010897
0.273888,-0.187625,-0.943283,0.584072
0.000000,0.000000,0.000000,1.000000

-0.958886,-0.129066,-0.252746,0.116929
-0.074324,0.973724,-0.215260,-0.010726
0.273888,-0.187625,-0.943283,0.584439
0.000000,0.000000,0.000000,1.000000

-0.958886,-0.129066,-0.252746,0.117007
-0.074324,0.973724,-0.215260,-0.010556
0.273888,-0.187625,-0.943283,0.584791
0.000000,0.000000,0.000000,1.000000

-0.958886,-0.129066,-0.252746,0.117079
-0.074324,0.973724,-0.215260,-0.010387
0.273888,-0.187625,-0.943283,0.585128
0.000000,0.000000,0.000000,1.000000

-0.958886,-0.129066,-0.252746,0.117147
-0.074324,0.973724,-0.215260,-0.010219
0.273888,-0.187625,-0.943283,0.585450
0.000000,0.000000,0.000000,1.000000

-0.958886,-0.129066,-0.252746,0.117209
-0.074324,0.973724,-0.215260,-0.010053
0.273888,-0.187625,-0.943283,0.585757
0.000000,0.000000,0.000000,1.000000

-0.958886,-0.129066,-0.252746,0.117266
-0.074324,0.973724,-0.215260,-0.009887
0.273888,-0.187625,-0.943283,0.586050
0.000000,0.000000,0.000000,1.000000

-0.958886,-0.129066,-0.252746,0.117318
-0.074324,0.973724,-0.215260,-0.009723
0.273888,-0.187625,-0.943283,0.586328
0.000000,0.000000,0.000000,1.000000

-0.958886,-0.129066,-0.252746,0.117365
-0.074324,0.973724,-0.215260,-0.009560
0.273888,-0.187625,-0.943283,0.586592
0.000000,0.000000,0.000000,1.000000

-0.958886,-0.129066,-0.252746,0.117408
-0.074324,0.973724,-0.215260,-0.009399
0.273888,-0.187625,-0.943283,0.586842
0.000000,0.000000,0.000000,1.000000

-0.958886,-0.129066,-0.252746,0.117445
-0.074324,0.973724,-0.215260,-0.009239
0.273888,-0.187625,-0.943283,0.587078
0.000000,0.000000,0.000000,1.000000

-0.958886,-0.129066,-0.252746,0.117478
-0.074324,0.973724,-0.215260,-0.009079
0.273888,-0.187625,-0.943283,0.587301
0.000000,0.000000,0.000000,1.000000

-0.958886,-0.129066,-0.252746,0.117507
-0.074324,0.973724,-0.215260,-0.008922
0.273888,-0.187625,-0.943283,0.587510
0.000000,0.000000,0.000000,1.000000

-0.958886,-0.129066,-0.252746,0.117530
-0.074324,0.973724,-0.215260,-0.008765
0.273888,-0.187625,-0.943283,0.587706
0.000000,0.000000,0.000000,1.000000

-0.958886,-0.129066,-0.252746,0.117549
-0.074324,0.973724,-0.215260,-0.008610
0.273888,-0.187625,-0.943283,0.587890
0.000000,0.000000,0.000000,1.000000

-0.958886,-0.129066,-0.252746,0.117564
-0.074324,0.973724,-0.215260,-0.008456
0.273888,-0.187625,-0.943283,0.588060
0.000000,0.000000,0.000000,1.000000

-0.958886,-0.129066,-0.252746,0.117575
-0.074324,0.973724,-0.215260,-0.008303
0.273888,-0.187625,-0.943283,0.588218
0.000000,0.000000,0.000000,1.000000

-0.958886,-0.129066,-0.252746,0.117581
-0.074324,0.973724,-0.215260,-0.008151
0.273888,-0.187625,-0.943283,0.588363
0.000000,0.000000,0.000000,1.000000

-0.958886,-0.129066,-0.252746,0.117583
-0.074324,0.973724,-0.215260,-0.008001
0.273888,-0.187625,-0.943283,0.588496
0.000000,0.000000,0.000000,1.000000

-0.958886,-0.129066,-0.252746,0.117581
-0.074324,0.973724,-0.215260,-0.007852
0.273888,-0.187625,-0.943283,0.588617
0.000000,0.000000,0.000000,1.000000

-0.958886,-0.129066,-0.252746,0.117575
-0.074324,0.973724,-0.215260,-0.007704
0.273888,-0.187625,-0.943283,0.588727
0.000000,0.000000,0.000000,1.000000

-0.958886,-0.129066,-0.252746,0.117565
-0.074324,0.973724,-0.215260,-0.007558
0.273888,-0.187625,-0.943283,0.588824
0.000000,0.000000,0.000000,1.000000

-0.958886,-0.129066,-0.252746,0.117551
-0.074324,0.973724,-0.215260,-0.007412
0.273888,-0.187625,-0.943283,0.588911
0.000000,0.000000,0.000000,1.000000

-0.958886,-0.129066,-0.252746,0.117533
-0.074324,0.973724,-0.215260,-0.007268
0.273888,-0.187625,-0.943283,0.588986
0.000000,0.000000,0.000000,1.000000

-0.958886,-0.129066,-0.252746,0.117512
-0.074324,0.973724,-0.215260,-0.007126
0.273888,-0.187625,-0.943283,0.589050
0.000000,0.000000,0.000000,1.000000

-0.958886,-0.129066,-0.252746,0.117487
-0.074324,0.973724,-0.215260,-0.006984
0.273888,-0.187625,-0.943283,0.589103
0.000000,0.000000,0.000000,1.000000

-0.958886,-0.129066,-0.252746,0.117458
-0.074324,0.973724,-0.215260,-0.006844
0.273888,-0.187625,-0.943283,0.589146
0.000000,0.000000,0.000000,1.000000

-0.958886,-0.129066,-0.252746,0.117426
-0.074324,0.973724,-0.215260,-0.006705
0.273888,-0.187625,-0.943283,0.589178
0.000000,0.000000,0.000000,1.000000

-0.958886,-0.129066,-0.252746,0.117390
-0.074324,0.973724,-0.215260,-0.006568
0.273888,-0.187625,-0.943283,0.589200
0.000000,0.000000,0.000000,1.000000

-0.958886,-0.129066,-0.252746,0.117351
-0.074324,0.973724,-0.215260,-0.006431
0.273888,-0.187625,-0.943283,0.589212
0.000000,0.000000,0.000000,1.000000

-0.958886,-0.129066,-0.252746,0.117309
-0.074324,0.973724,-0.215260,-0.006296
0.273888,-0.187625,-0.943283,0.589214
0.000000,0.000000,0.000000,1.000000

-0.958886,-0.129066,-0.252746,0.117263
-0.074324,0.973724,-0.215260,-0.006162
0.273888,-0.187625,-0.943283,0.589207
0.000000,0.000000,0.000000,1.000000

-0.958886,-0.129066,-0.252746,0.117215
-0.074324,0.973724,-0.215260,-0.006030
0.273888,-0.187625,-0.943283,0.589190
0.000000,0.000000,0.000000,1.000000

-0.958886,-0.129066,-0.252746,0.117163
-0.074324,0.973724,-0.215260,-0.005899
0.273888,-0.187625,-0.943283,0.589164
0.000000,0.000000,0.000000,1.000000

-0.958886,-0.129066,-0.252746,0.117108
-0.074324,0.973724,-0.215260,-0.005769
0.273888,-0.187625,-0.943283,0.589129
0.000000,0.000000,0.000000,1.000000

-0.958886,-0.129066,-0.252746,0.117051
-0.074324,0.973724,-0.215260,-0.005640
0.273888,-0.187625,-0.943283,0.589085
0.000000,0.000000,0.000000,1.000000

-0.958886,-0.129066,-0.252746,0.116990
-0.074324,0.973724,-0.215260,-0.005513
0.273888,-0.187625,-0.943283,0.589032
0.000000,0.000000,0.000000,1.000000

-0.958886,-0.129066,-0.252746,0.116927
-0.074324,0.973724,-0.215260,-0.005387
0.273888,-0.187625,-0.943283,0.588971
0.000000,0.000000,0.000000,1.000000

-0.958886,-0.129066,-0.252746,0.116861
-0.074324,0.973724,-0.215260,-0.005262
0.273888,-0.187625,-0.943283,0.588901
0.000000,0.000000,0.000000,1.000000

-0.958886,-0.129066,-0.252746,0.116793
-0.074324,0.973724,-0.215260,-0.005138
0.273888,-0.187625,-0.943283,0.588824
0.000000,0.000000,0.000000,1.000000

-0.958886,-0.129066,-0.252746,0.116722
-0.074324,0.973724,-0.215260,-0.005016
0.273888,-0.187625,-0.943283,0.588739
0.000000,0.000000,0.000000,1.000000

-0.958886,-0.129066,-0.252746,0.116648
-0.074324,0.973724,-0.215260,-0.004895
0.273888,-0.187625,-0.943283,0.588646
0.000000,0.000000,0.000000,1.000000

-0.958886,-0.129066,-0.252746,0.116572
-0.074324,0.973724,-0.215260,-0.004776
0.273888,-0.187625,-0.943283,0.588545
0.000000,0.000000,0.000000,1.000000

-0.958886,-0.129066,-0.252746,0.116494
-0.074324,0.973724,-0.215260,-0.004658
0.273888,-0.187625,-0.943283,0.588437
0.000000,0.000000,0.000000,1.000000

-0.958886,-0.129066,-0.252746,0.116414
-0.074324,0.973724,-0.215260,-0.004541
0.273888,-0.187625,-0.943283,0.588323
0.000000,0.000000,0.000000,1.000000

-0.958886,-0.129066,-0.252746,0.116331
-0.074324,0.973724,-0.215260,-0.004425
0.273888,-0.187625,-0.943283,0.588201
0.000000,0.000000,0.000000,1.000000

-0.958886,-0.129066,-0.252746,0.116246
-0.074324,0.973724,-0.215260,-0.004311
0.273888,-0.187625,-0.943283,0.588073
0.000000,0.000000,0.000000,1.000000

-0.958886,-0.129066,-0.252746,0.116160
-0.074324,0.973724,-0.215260,-0.004198
0.273888,-0.187625,-0.943283,0.587938
0.000000,0.000000,0.000000,1.000000

-0.958886,-0.129066,-0.252746,0.116071
-0.074324,0.973724,-0.215260,-0.004086
0.273888,-0.187625,-0.943283,0.587797
0.000000,0.000000,0.000000,1.000000

-0.958886,-0.129066,-0.252746,0.115981
-0.074324,0.973724,-0.215260,-0.003976
0.273888,-0.187625,-0.943283,0.587650
0.000000,0.000000,0.000000,1.000000

-0.958886,-0.129066,-0.252746,0.115888
-0.074324,0.973724,-0.215260,-0.003867
0.273888,-0.187625,-0.943283,0.587497
0.000000,0.000000,0.000000,1.000000

-0.958886,-0.129066,-0.252746,0.115794
-0.074324,0.973724,-0.215260,-0.003759
0.273888,-0.187625,-0.943283,0.587338
0.000000,0.000000,0.000000,1.000000

-0.958886,-0.129066,-0.252746,0.115699
-0.074324,0.973724,-0.215260,-0.003652
0.273888,-0.187625,-0.943283,0.587174
0.000000,0.000000,0.000000,1.000000

-0.958886,-0.129066,-0.252746,0.115601
-0.074324,0.973724,-0.215260,-0.003547
0.273888,-0.187625,-0.943283,0.587004
0.000000,0.000000,0.000000,1.000000

-0.958886,-0.129066,-0.252746,0.115503
-0.074324,0.973724,-0.215260,-0.003443
0.273888,-0.187625,-0.943283,0.586829
0.000000,0.000000,0.000000,1.000000

-0.958886,-0.129066,-0.252746,0.115403
-0.074324,0.973724,-0.215260,-0.003341
0.273888,-0.187625,-0.943283,0.586650
0.000000,0.000000,0.000000,1.000000

-0.958886,-0.129066,-0.252746,0.115301
-0.074324,0.973724,-0.215260,-0.003240
0.273888,-0.187625,-0.943283,0.586466
0.000000,0.000000,0.000000,1.000000

-0.958886,-0.129066,-0.252746,0.115198
-0.074324,0.973724,-0.215260,-0.003140
0.273888,-0.187625,-0.943283,0.586277
0.000000,0.000000,0.000000,1.000000

-0.958886,-0.129066,-0.252746,0.115094
-0.074324,0.973724,-0.215260,-0.003042
0.273888,-0.187625,-0.943283,0.586084
0.000000,0.000000,0.000000,1.000000

-0.958886,-0.129066,-0.252746,0.114989
-0.074324,0.973724,-0.215260,-0.002944
0.273888,-0.187625,-0.943283,0.585887
0.000000,0.000000,0.000000,1.000000

-0.958886,-0.129066,-0.252746,0.114883
-0.074324,0.973724,-0.215260,-0.002849
0.273888,-0.187625,-0.943283,0.585685
0.000000,0.000000,0.000000,1.000000

-0.958886,-0.129066,-0.252746,0.114776
-0.074324,0.973724,-0.215260,-0.002754
0.273888,-0.187625,-0.943283,0.585481
0.000000,0.000000,0.000000,1.000000

-0.958886,-0.129066,-0.252746,0.114668
-0.074324,0.973724,-0.215260,-0.002661
0.273888,-0.187625,-0.943283,0.585272
0.000000,0.000000,0.000000,1.000000

-0.958886,-0.129066,-0.252746,0.114559
-0.074324,0.973724,-0.215260,-0.002569
0.273888,-0.187625,-0.943283,0.585061
0.000000,0.000000,0.000000,1.000000

-0.958886,-0.129066,-0.252746,0.114450
-0.074324,0.973724,-0.215260,-0.002479
0.273888,-0.187625,-0.943283,0.584846
0.000000,0.000000,0.000000,1.000000

-0.958886,-0.129066,-0.252746,0.114340
-0.074324,0.973724,-0.215260,-0.002390
0.273888,-0.187625,-0.943283,0.584628
0.000000,0.000000,0.000000,1.000000

-0.958886,-0.129066,-0.252746,0.114229
-0.074324,0.973724,-0.215260,-0.002302
0.273888,-0.187625,-0.943283,0.584408
0.000000,0.000000,0.000000,1.000000

-0.958886,-0.129066,-0.252746,0.114118
-0.074324,0.973724,-0.215260,-0.002215
0.273888,-0.187625,-0.943283,0.584185
0.000000,0.000000,0.000000,1.000000

-0.958886,-0.129066,-0.252746,0.114006
-0.074324,0.973724,-0.215260,-0.002130
0.273888,-0.187625,-0.943283,0.583959
0.000000,0.000000,0.000000,1.000000

-0.958886,-0.129066,-0.252746,0.113894
-0.074324,0.973724,-0.215260,-0.002047
0.273888,-0.187625,-0.943283,0.583732
0.000000,0.000000,0.000000,1.000000

-0.958886,-0.129066,-0.252746,0.113781
-0.074324,0.973724,-0.215260,-0.001964
0.273888,-0.187625,-0.943283,0.583502
0.000000,0.000000,0.000000,1.000000

-0.958886,-0.129066,-0.252746,0.113669
-0.074324,0.973724,-0.215260,-0.001883
0.273888,-0.187625,-0.943283,0.583271
0.000000,0.000000,0.000000,1.000000

-0.958886,-0.129066,-0.252746,0.113556
-0.074324,0.973724,-0.215260,-0.001804
0.273888,-0.187625,-0.943283,0.583039
0.000000,0.000000,0.000000,1.000000

-0.958886,-0.129066,-0.252746,0.113443
-0.074324,0.973724,-0.215260,-0.001725
0.273888,-0.187625,-0.943283,0.582804
0.000000,0.000000,0.000000,1.000000

-0.958886,-0.129066,-0.252746,0.113330
-0.074324,0.973724,-0.215260,-0.001649
0.273888,-0.187625,-0.943283,0.582569
0.000000,0.000000,0.000000,1.000000

-0.958886,-0.129066,-0.252746,0.113217
-0.074324,0.973724,-0.215260,-0.001573
0.273888,-0.187625,-0.943283,0.582333
0.000000,0.000000,0.000000,1.000000

-0.958886,-0.129066,-0.252746,0.113104
-0.074324,0.973724,-0.215260,-0.001499
0.273888,-0.187625,-0.943283,0.582096
0.000000,0.000000,0.000000,1.000000

-0.958886,-0.129066,-0.252746,0.112992
-0.074324,0.973724,-0.215260,-0.001426
0.273888,-0.187625,-0.943283,0.581859
0.000000,0.000000,0.000000,1.000000

-0.958886,-0.129066,-0.252746,0.112880
-0.074324,0.973724,-0.215260,-0.001354
0.273888,-0.187625,-0.943283,0.581621
0.000000,0.000000,0.000000,1.000000

-0.958886,-0.129066,-0.252746,0.112768
-0.074324,0.973724,-0.215260,-0.001284
0.273888,-0.187625,-0.943283,0.581383
0.000000,0.000000,0.000000,1.000000

-0.958886,-0.129066,-0.252746,0.112657
-0.074324,0.973724,-0.215260,-0.001216
0.273888,-0.187625,-0.943283,0.581145
0.000000,0.000000,0.000000,1.000000

-0.958886,-0.129066,-0.252746,0.112546
-0.074324,0.973724,-0.215260,-0.001148
0.273888,-0.187625,-0.943283,0.580907
0.000000,0.000000,0.000000,1.000000

-0.958886,-0.129066,-0.252746,0.112436
-0.074324,0.973724,-0.215260,-0.001082
0.273888,-0.187625,-0.943283,0.580670
0.000000,0.000000,0.000000,1.000000

-0.958886,-0.129066,-0.252746,0.112326
-0.074324,0.973724,-0.215260,-0.001018
0.273888,-0.187625,-0.943283,0.580433
0.000000,0.000000,0.000000,1.000000

-0.958886,-0.129066,-0.252746,0.112217
-0.074324,0.973724,-0.215260,-0.000955
0.273888,-0.187625,-0.943283,0.580197
0.000000,0.000000,0.000000,1.000000

-0.958886,-0.129066,-0.252746,0.112109
-0.074324,0.973724,-0.215260,-0.000893
0.273888,-0.187625,-0.943283,0.579962
0.000000,0.000000,0.000000,1.000000

-0.958886,-0.129066,-0.252746,0.112002
-0.074324,0.973724,-0.215260,-0.000832
0.273888,-0.187625,-0.943283,0.579728
0.000000,0.000000,0.000000,1.000000

-0.958886,-0.129066,-0.252746,0.111896
-0.074324,0.973724,-0.215260,-0.000773
0.273888,-0.187625,-0.943283,0.579496
0.000000,0.000000,0.000000,1.000000

-0.958886,-0.129066,-0.252746,0.111791
-0.074324,0.973724,-0.215260,-0.000715
0.273888,-0.187625,-0.943283,0.579265
0.000000,0.000000,0.000000,1.000000

-0.958886,-0.129066,-0.252746,0.111687
-0.074324,0.973724,-0.215260,-0.000659
0.273888,-0.187625,-0.943283,0.579036
0.000000,0.000000,0.000000,1.000000

-0.958886,-0.129066,-0.252746,0.111585
-0.074324,0.973724,-0.215260,-0.000604
0.273888,-0.187625,-0.943283,0.578809
0.000000,0.000000,0.000000,1.000000

-0.958886,-0.129066,-0.252746,0.111483
-0.074324,0.973724,-0.215260,-0.000551
0.273888,-0.187625,-0.943283,0.578585
0.000000,0.000000,0.000000,1.000000

-0.958886,-0.129066,-0.252746,0.111383
-0.074324,0.973724,-0.215260,-0.000499
0.273888,-0.187625,-0.943283,0.578362
0.000000,0.000000,0.000000,1.000000

-0.958886,-0.129066,-0.252746,0.111284
-0.074324,0.973724,-0.215260,-0.000448
0.273888,-0.187625,-0.943283,0.578143
0.000000,0.000000,0.000000,1.000000

-0.958886,-0.129066,-0.252746,0.111187
-0.074324,0.973724,-0.215260,-0.000399
0.273888,-0.187625,-0.943283,0.577926
0.000000,0.000000,0.000000,1.000000

-0.958886,-0.129066,-0.252746,0.111091
-0.074324,0.973724,-0.215260,-0.000351
0.273888,-0.187625,-0.943283,0.577712
0.000000,0.000000,0.000000,1.000000

-0.958886,-0.129066,-0.252746,0.110997
-0.074324,0.973724,-0.215260,-0.000304
0.273888,-0.187625,-0.943283,0.577501
0.000000,0.000000,0.000000,1.000000

-0.958886,-0.129066,-0.252746,0.110905
-0.074324,0.973724,-0.215260,-0.000259
0.273888,-0.187625,-0.943283,0.577294
0.000000,0.000000,0.000000,1.000000

-0.958886,-0.129066,-0.252746,0.110815
-0.074324,0.973724,-0.215260,-0.000215
0.273888,-0.187625,-0.943283,0.577090
0.000000,0.000000,0.000000,1.000000

-0.958886,-0.129066,-0.252746,0.110726
-0.074324,0.973724,-0.215260,-0.000173
0.273888,-0.187625,-0.943283,0.576890
0.000000,0.000000,0.000000,1.000000

-0.958886,-0.129066,-0.252746,0.110639
-0.074324,0.973724,-0.215260,-0.000132
0.273888,-0.187625,-0.943283,0.576694
0.000000,0.000000,0.000000,1.000000

-0.958886,-0.129066,-0.252746,0.110555
-0.074324,0.973724,-0.215260,-0.000093
0.273888,-0.187625,-0.943283,0.576502
0.000000,0.000000,0.000000,1.000000

-0.958886,-0.129066,-0.252746,0.110472
-0.074324,0.973724,-0.215260,-0.000055
0.273888,-0.187625,-0.943283,0.576314
0.000000,0.000000,0.000000,1.000000

-0.958886,-0.129066,-0.252746,0.110392
-0.074324,0.973724,-0.215260,-0.000018
0.273888,-0.187625,-0.943283,0.576131
0.000000,0.000000,0.000000,1.000000

-0.958886,-0.129066,-0.252746,0.110313
-0.074324,0.973724,-0.215260,0.000017
0.273888,-0.187625,-0.943283,0.575953
0.000000,0.000000,0.000000,1.000000

-0.958886,-0.129066,-0.252746,0.110238
-0.074324,0.973724,-0.215260,0.000051
0.273888,-0.187625,-0.943283,0.575780
0.000000,0.000000,0.000000,1.000000

-0.958886,-0.129066,-0.252746,0.110164
-0.074324,0.973724,-0.215260,0.000084
0.273888,-0.187625,-0.943283,0.575612
0.000000,0.000000,0.000000,1.000000

-0.958886,-0.129066,-0.252746,0.110093
-0.074324,0.973724,-0.215260,0.000115
0.273888,-0.187625,-0.943283,0.575449
0.000000,0.000000,0.000000,1.000000

-0.958886,-0.129066,-0.252746,0.110025
-0.074324,0.973724,-0.215260,0.000144
0.273888,-0.187625,-0.943283,0.575292
0.000000,0.000000,0.000000,1.000000

-0.958886,-0.129066,-0.252746,0.109959
-0.074324,0.973724,-0.215260,0.000172
0.273888,-0.187625,-0.943283,0.575141
0.000000,0.000000,0.000000,1.000000

-0.958886,-0.129066,-0.252746,0.109896
-0.074324,0.973724,-0.215260,0.000199
0.273888,-0.187625,-0.943283,0.574995
0.000000,0.000000,0.000000,1.000000

-0.958886,-0.129066,-0.252746,0.109835
-0.074324,0.973724,-0.215260,0.000224
0.273888,-0.187625,-0.943283,0.574856
0.000000,0.000000,0.000000,1.000000

-0.958886,-0.129066,-0.252746,0.109778
-0.074324,0.973724,-0.215260,0.000248
0.273888,-0.187625,-0.943283,0.574723
0.000000,0.000000,0.000000,1.000000

-0.958886,-0.129066,-0.252746,0.109723
-0.074324,0.973724,-0.215260,0.000271
0.273888,-0.187625,-0.943283,0.574596
0.000000,0.000000,0.000000,1.000000

-0.958886,-0.129066,-0.252746,0.109671
-0.074324,0.973724,-0.215260,0.000292
0.273888,-0.187625,-0.943283,0.574476
0.000000,0.000000,0.000000,1.000000

-0.958886,-0.129066,-0.252746,0.109623
-0.074324,0.973724,-0.215260,0.000311
0.273888,-0.187625,-0.943283,0.574364
0.000000,0.000000,0.000000,1.000000

-0.958886,-0.129066,-0.252746,0.109577
-0.074324,0.973724,-0.215260,0.000329
0.273888,-0.187625,-0.943283,0.574258
0.000000,0.000000,0.000000,1.000000

-0.958886,-0.129066,-0.252746,0.109535
-0.074324,0.973724,-0.215260,0.000346
0.273888,-0.187625,-0.943283,0.574159
0.000000,0.000000,0.000000,1.000000

-0.958886,-0.129066,-0.252746,0.109496
-0.074324,0.973724,-0.215260,0.000361
0.273888,-0.187625,-0.943283,0.574069
0.000000,0.000000,0.000000,1.000000

-0.958886,-0.129066,-0.252746,0.109460
-0.074324,0.973724,-0.215260,0.000375
0.273888,-0.187625,-0.943283,0.573985
0.000000,0.000000,0.000000,1.000000

-0.958886,-0.129066,-0.252746,0.109428
-0.074324,0.973724,-0.215260,0.000387
0.273888,-0.187625,-0.943283,0.573910
0.000000,0.000000,0.000000,1.000000

-0.958886,-0.129066,-0.252746,0.109399
-0.074324,0.973724,-0.215260,0.000398
0.273888,-0.187625,-0.943283,0.573843
0.000000,0.000000,0.000000,1.000000

-0.958886,-0.129066,-0.252746,0.109374
-0.074324,0.973724,-0.215260,0.000408
0.273888,-0.187625,-0.943283,0.573784
0.000000,0.000000,0.000000,1.000000

-0.958886,-0.129066,-0.252746,0.109353
-0.074324,0.973724,-0.215260,0.000416
0.273888,-0.187625,-0.943283,0.573734
0.000000,0.000000,0.000000,1.000000

-0.958886,-0.129066,-0.252746,0.109335
-0.074324,0.973724,-0.215260,0.000422
0.273888,-0.187625,-0.943283,0.573692
0.000000,0.000000,0.000000,1.000000

-0.958886,-0.129066,-0.252746,0.109321
-0.074324,0.973724,-0.215260,0.000427
0.273888,-0.187625,-0.943283,0.573660
0.000000,0.000000,0.000000,1.000000

-0.958886,-0.129066,-0.252746,0.109311
-0.074324,0.973724,-0.215260,0.000431
0.273888,-0.187625,-0.943283,0.573636
0.000000,0.000000,0.000000,1.000000

-0.958886,-0.129066,-0.252746,0.109305
-0.074324,0.973724,-0.215260,0.000433
0.273888,-0.187625,-0.943283,0.573622
0.000000,0.000000,0.000000,1.000000

-0.958886,-0.129066,-0.252746,0.109303
-0.074324,0.973724,-0.215260,0.000434
0.273888,-0.187625,-0.943283,0.573617
0.000000,0.000000,0.000000,1.000000

